{
	"format_version": "1.12.0",
	"minecraft:geometry": [
		{
			"description": {
				"identifier": "geometry.unknown",
				"texture_width": 64,
				"texture_height": 64,
				"visible_bounds_width": 2,
				"visible_bounds_height": 2.5,
				"visible_bounds_offset": [0, 0.75, 0]
			},
			"bones": [
				{
					"name": "bb_main",
					"pivot": [0, 0, 0],
					"cubes": [
						{
							"origin": [-8, 0, -8],
							"size": [16, 5, 16],
							"uv": {
								"north": {"uv": [0, 22], "uv_size": [16, 5]},
								"east": {"uv": [0, 22], "uv_size": [16, 5]},
								"south": {"uv": [0, 22], "uv_size": [16, 5]},
								"west": {"uv": [0, 22], "uv_size": [16, 5]},
								"up": {"uv": [16, 45], "uv_size": [-16, -16]},
								"down": {"uv": [47, 16], "uv_size": [-16, -16]}
							}
						},
						{
							"origin": [-6, 5, -6],
							"size": [12, 4, 12],
							"uv": {
								"north": {"uv": [2, 17], "uv_size": [12, 4]},
								"east": {"uv": [2, 17], "uv_size": [12, 4]},
								"south": {"uv": [2, 17], "uv_size": [12, 4]},
								"west": {"uv": [2, 17], "uv_size": [12, 4]},
								"up": {"uv": [14, 43], "uv_size": [-12, -12]},
								"down": {"uv": [47, 16], "uv_size": [-16, -16]}
							}
						},
						{
							"origin": [2, 9, 2],
							"size": [3, 1, 3],
							"uv": {
								"north": {"uv": [6, 39], "uv_size": [-3, 1]},
								"east": {"uv": [3, 41], "uv_size": [3, 1]},
								"south": {"uv": [3, 41], "uv_size": [3, 1]},
								"west": {"uv": [3, 40], "uv_size": [3, -1]},
								"up": {"uv": [6, 42], "uv_size": [-3, -3]},
								"down": {"uv": [6, 42], "uv_size": [-3, -3]}
							}
						},
						{
							"origin": [2, 9, -5],
							"size": [3, 1, 3],
							"uv": {
								"north": {"uv": [6, 39], "uv_size": [-3, 1]},
								"east": {"uv": [3, 41], "uv_size": [3, 1]},
								"south": {"uv": [3, 41], "uv_size": [3, 1]},
								"west": {"uv": [3, 40], "uv_size": [3, -1]},
								"up": {"uv": [6, 35], "uv_size": [-3, -3]},
								"down": {"uv": [6, 42], "uv_size": [-3, -3]}
							}
						},
						{
							"origin": [-5, 9, 2],
							"size": [3, 1, 3],
							"uv": {
								"north": {"uv": [6, 39], "uv_size": [-3, 1]},
								"east": {"uv": [3, 41], "uv_size": [3, 1]},
								"south": {"uv": [3, 41], "uv_size": [3, 1]},
								"west": {"uv": [3, 40], "uv_size": [3, -1]},
								"up": {"uv": [13, 42], "uv_size": [-3, -3]},
								"down": {"uv": [6, 42], "uv_size": [-3, -3]}
							}
						},
						{
							"origin": [-5, 9, -5],
							"size": [3, 1, 3],
							"uv": {
								"north": {"uv": [6, 39], "uv_size": [-3, 1]},
								"east": {"uv": [3, 41], "uv_size": [3, 1]},
								"south": {"uv": [3, 41], "uv_size": [3, 1]},
								"west": {"uv": [3, 40], "uv_size": [3, -1]},
								"up": {"uv": [6, 42], "uv_size": [-3, -3]},
								"down": {"uv": [6, 42], "uv_size": [-3, -3]}
							}
						}
					]
				},
				{
					"name": "bone10",
					"pivot": [0, 22.5, 0]
				},
				{
					"name": "bone9",
					"pivot": [0, 22.5, 0]
				},
				{
					"name": "bone12",
					"pivot": [-3.88909, 22.5, 3.88909],
					"rotation": [-7.5, 0, -40]
				},
				{
					"name": "bone13",
					"pivot": [0, 22.5, 0]
				},
				{
					"name": "9",
					"pivot": [0, 9.5, 0]
				},
				{
					"name": "11",
					"pivot": [0, 18.5, 0]
				},
				{
					"name": "10",
					"parent": "11",
					"pivot": [0, 17.5, 0],
					"rotation": [-45, 0, -35]
				},
				{
					"name": "1",
					"parent": "10",
					"pivot": [0, 17.5, 0]
				},
				{
					"name": "1_loc",
					"parent": "1",
					"pivot": [2, 15.5, -2],
					"cubes": [
						{
							"origin": [0.5, 14, -3.5],
							"size": [3, 3, 3],
							"uv": {
								"north": {"uv": [6, 6], "uv_size": [4, 4]},
								"east": {"uv": [6, 6], "uv_size": [4, 4]},
								"south": {"uv": [6, 6], "uv_size": [4, 4]},
								"west": {"uv": [6, 6], "uv_size": [4, 4]},
								"up": {"uv": [6, 6], "uv_size": [4, 4]},
								"down": {"uv": [6, 10], "uv_size": [4, -4]}
							}
						}
					]
				},
				{
					"name": "8",
					"parent": "10",
					"pivot": [0, 17.5, 0]
				},
				{
					"name": "8_loc",
					"parent": "8",
					"pivot": [2, 19.5, 2],
					"cubes": [
						{
							"origin": [0.5, 18, 0.5],
							"size": [3, 3, 3],
							"uv": {
								"north": {"uv": [6, 6], "uv_size": [4, 4]},
								"east": {"uv": [6, 6], "uv_size": [4, 4]},
								"south": {"uv": [6, 6], "uv_size": [4, 4]},
								"west": {"uv": [6, 6], "uv_size": [4, 4]},
								"up": {"uv": [6, 6], "uv_size": [4, 4]},
								"down": {"uv": [6, 10], "uv_size": [4, -4]}
							}
						}
					]
				},
				{
					"name": "7",
					"parent": "10",
					"pivot": [0, 17.5, 0]
				},
				{
					"name": "7_loc",
					"parent": "7",
					"pivot": [-2, 19.5, 2],
					"cubes": [
						{
							"origin": [-3.5, 18, 0.5],
							"size": [3, 3, 3],
							"uv": {
								"north": {"uv": [6, 6], "uv_size": [4, 4]},
								"east": {"uv": [6, 6], "uv_size": [4, 4]},
								"south": {"uv": [6, 6], "uv_size": [4, 4]},
								"west": {"uv": [6, 6], "uv_size": [4, 4]},
								"up": {"uv": [6, 6], "uv_size": [4, 4]},
								"down": {"uv": [6, 10], "uv_size": [4, -4]}
							}
						}
					]
				},
				{
					"name": "6",
					"parent": "10",
					"pivot": [0, 17.5, 0]
				},
				{
					"name": "6_loc",
					"parent": "6",
					"pivot": [-2, 19.5, -2],
					"cubes": [
						{
							"origin": [-3.5, 18, -3.5],
							"size": [3, 3, 3],
							"uv": {
								"north": {"uv": [6, 6], "uv_size": [4, 4]},
								"east": {"uv": [6, 6], "uv_size": [4, 4]},
								"south": {"uv": [6, 6], "uv_size": [4, 4]},
								"west": {"uv": [6, 6], "uv_size": [4, 4]},
								"up": {"uv": [6, 6], "uv_size": [4, 4]},
								"down": {"uv": [6, 10], "uv_size": [4, -4]}
							}
						}
					]
				},
				{
					"name": "5",
					"parent": "10",
					"pivot": [0, 17.5, 0]
				},
				{
					"name": "5_loc",
					"parent": "5",
					"pivot": [2, 19.5, -2],
					"cubes": [
						{
							"origin": [0.5, 18, -3.5],
							"size": [3, 3, 3],
							"uv": {
								"north": {"uv": [6, 6], "uv_size": [4, 4]},
								"east": {"uv": [6, 6], "uv_size": [4, 4]},
								"south": {"uv": [6, 6], "uv_size": [4, 4]},
								"west": {"uv": [6, 6], "uv_size": [4, 4]},
								"up": {"uv": [6, 6], "uv_size": [4, 4]},
								"down": {"uv": [6, 10], "uv_size": [4, -4]}
							}
						}
					]
				},
				{
					"name": "4",
					"parent": "10",
					"pivot": [0, 17.5, 0]
				},
				{
					"name": "4_loc",
					"parent": "4",
					"pivot": [2, 15.5, 2],
					"cubes": [
						{
							"origin": [0.5, 14, 0.5],
							"size": [3, 3, 3],
							"uv": {
								"north": {"uv": [6, 6], "uv_size": [4, 4]},
								"east": {"uv": [6, 6], "uv_size": [4, 4]},
								"south": {"uv": [6, 6], "uv_size": [4, 4]},
								"west": {"uv": [6, 6], "uv_size": [4, 4]},
								"up": {"uv": [6, 6], "uv_size": [4, 4]},
								"down": {"uv": [6, 10], "uv_size": [4, -4]}
							}
						}
					]
				},
				{
					"name": "3",
					"parent": "10",
					"pivot": [0, 17.5, 0]
				},
				{
					"name": "3_loc",
					"parent": "3",
					"pivot": [-2, 15.5, 2],
					"cubes": [
						{
							"origin": [-3.5, 14, 0.5],
							"size": [3, 3, 3],
							"uv": {
								"north": {"uv": [6, 6], "uv_size": [4, 4]},
								"east": {"uv": [6, 6], "uv_size": [4, 4]},
								"south": {"uv": [6, 6], "uv_size": [4, 4]},
								"west": {"uv": [6, 6], "uv_size": [4, 4]},
								"up": {"uv": [6, 6], "uv_size": [4, 4]},
								"down": {"uv": [6, 10], "uv_size": [4, -4]}
							}
						}
					]
				},
				{
					"name": "2",
					"parent": "10",
					"pivot": [0, 17.5, 0]
				},
				{
					"name": "2_loc",
					"parent": "2",
					"pivot": [-2, 15.5, -2],
					"cubes": [
						{
							"origin": [-3.5, 14, -3.5],
							"size": [3, 3, 3],
							"uv": {
								"north": {"uv": [6, 6], "uv_size": [4, 4]},
								"east": {"uv": [6, 6], "uv_size": [4, 4]},
								"south": {"uv": [6, 6], "uv_size": [4, 4]},
								"west": {"uv": [6, 6], "uv_size": [4, 4]},
								"up": {"uv": [6, 6], "uv_size": [4, 4]},
								"down": {"uv": [6, 10], "uv_size": [4, -4]}
							}
						}
					]
				},
				{
					"name": "bone11",
					"pivot": [0, 11.5, 0]
				},
				{
					"name": "bone20",
					"parent": "bone11",
					"pivot": [0, 11.5, 4.5],
					"rotation": [-45, 0, 0]
				}
			]
		}
	]
}