{
	"format_version": "1.12.0",
	"minecraft:geometry": [
		{
			"description": {
				"identifier": "geometry.infusion_requester",
				"texture_width": 64,
				"texture_height": 64,
				"visible_bounds_width": 3,
				"visible_bounds_height": 2.5,
				"visible_bounds_offset": [0, 0.75, 0]
			},
			"bones": [
				{
					"name": "bb_main",
					"pivot": [0, 0, 0],
					"cubes": [
						{
							"origin": [-8.2, 0, -8],
							"size": [16.2, 4, 16.2],
							"uv": {
								"north": {"uv": [0, 12], "uv_size": [16, 4]},
								"east": {"uv": [0, 12], "uv_size": [16, 4]},
								"south": {"uv": [0, 12], "uv_size": [16, 4]},
								"west": {"uv": [0, 12], "uv_size": [16, 4]},
								"up": {"uv": [32, 16], "uv_size": [-16, -16]},
								"down": {"uv": [32, 16], "uv_size": [-16, -16]}
							}
						},
						{
							"origin": [-8, 8, -8],
							"size": [16, 4, 16],
							"uv": {
								"north": {"uv": [2, 0], "uv_size": [12, 4]},
								"east": {"uv": [2, 0], "uv_size": [12, 4]},
								"south": {"uv": [2, 0], "uv_size": [12, 4]},
								"west": {"uv": [2, 0], "uv_size": [12, 4]},
								"up": {"uv": [32, 16], "uv_size": [-16, -16]},
								"down": {"uv": [32, 16], "uv_size": [-16, -16]}
							}
						},
						{
							"origin": [-6, 4, 2],
							"size": [4, 4, 4],
							"uv": {
								"north": {"uv": [7, 8], "uv_size": [4, 4]},
								"east": {"uv": [6, 8], "uv_size": [4, 4]},
								"south": {"uv": [6, 8], "uv_size": [4, 4]},
								"west": {"uv": [5, 8], "uv_size": [4, 4]},
								"up": {"uv": [11, 11], "uv_size": [-4, -4]},
								"down": {"uv": [9, 11], "uv_size": [-4, -4]}
							}
						},
						{
							"origin": [-6, 4, -6],
							"size": [4, 4, 4],
							"uv": {
								"north": {"uv": [7, 8], "uv_size": [4, 4]},
								"east": {"uv": [6, 8], "uv_size": [4, 4]},
								"south": {"uv": [6, 8], "uv_size": [4, 4]},
								"west": {"uv": [5, 8], "uv_size": [4, 4]},
								"up": {"uv": [11, 11], "uv_size": [-4, -4]},
								"down": {"uv": [9, 11], "uv_size": [-4, -4]}
							}
						},
						{
							"origin": [2, 4, 2],
							"size": [4, 4, 4],
							"uv": {
								"north": {"uv": [7, 8], "uv_size": [4, 4]},
								"east": {"uv": [6, 8], "uv_size": [4, 4]},
								"south": {"uv": [6, 8], "uv_size": [4, 4]},
								"west": {"uv": [5, 8], "uv_size": [4, 4]},
								"up": {"uv": [11, 11], "uv_size": [-4, -4]},
								"down": {"uv": [9, 11], "uv_size": [-4, -4]}
							}
						},
						{
							"origin": [2, 4, -6],
							"size": [4, 4, 4],
							"uv": {
								"north": {"uv": [7, 8], "uv_size": [4, 4]},
								"east": {"uv": [6, 8], "uv_size": [4, 4]},
								"south": {"uv": [6, 8], "uv_size": [4, 4]},
								"west": {"uv": [5, 8], "uv_size": [4, 4]},
								"up": {"uv": [11, 11], "uv_size": [-4, -4]},
								"down": {"uv": [9, 11], "uv_size": [-4, -4]}
							}
						}
					]
				},
				{
					"name": "bone",
					"pivot": [0, 8.9, 0],
					"cubes": [
						{
							"origin": [-8.1, 12.1, -8.1],
							"size": [16.2, 0, 16.2],
							"uv": {
								"north": {"uv": [0, 0], "uv_size": [15, 0]},
								"east": {"uv": [0, 0], "uv_size": [16, 0]},
								"south": {"uv": [0, 0], "uv_size": [15, 0]},
								"west": {"uv": [0, 0], "uv_size": [16, 0]},
								"up": {"uv": [16, 32], "uv_size": [-16, -16]},
								"down": {"uv": [15, 48], "uv_size": [-15, -16]}
							}
						},
						{
							"origin": [-4, 4.1, -8.1],
							"size": [8, 8, 0],
							"uv": {
								"north": {"uv": [24, 24], "uv_size": [8, 8]},
								"east": {"uv": [0, 0], "uv_size": [0, 8]},
								"south": {"uv": [24, 16], "uv_size": [8, 8]},
								"west": {"uv": [0, 0], "uv_size": [0, 8]},
								"up": {"uv": [8, 0], "uv_size": [-8, 0]},
								"down": {"uv": [8, 0], "uv_size": [-8, 0]}
							}
						},
						{
							"origin": [-4, 4.1, -8.1],
							"size": [8, 8, 0],
							"pivot": [0, 0.1, 0],
							"rotation": [0, -90, 0],
							"uv": {
								"north": {"uv": [24, 24], "uv_size": [8, 8]},
								"east": {"uv": [0, 0], "uv_size": [0, 8]},
								"south": {"uv": [24, 16], "uv_size": [8, 8]},
								"west": {"uv": [0, 0], "uv_size": [0, 8]},
								"up": {"uv": [8, 0], "uv_size": [-8, 0]},
								"down": {"uv": [8, 0], "uv_size": [-8, 0]}
							}
						},
						{
							"origin": [-4, 4.1, -8.1],
							"size": [8, 8, 0],
							"pivot": [0, 0.1, 0],
							"rotation": [0, 90, 0],
							"uv": {
								"north": {"uv": [24, 24], "uv_size": [8, 8]},
								"east": {"uv": [0, 0], "uv_size": [0, 8]},
								"south": {"uv": [24, 16], "uv_size": [8, 8]},
								"west": {"uv": [0, 0], "uv_size": [0, 8]},
								"up": {"uv": [8, 0], "uv_size": [-8, 0]},
								"down": {"uv": [8, 0], "uv_size": [-8, 0]}
							}
						},
						{
							"origin": [-4, 4.1, -8.1],
							"size": [8, 8, 0],
							"pivot": [0, 0.1, 0],
							"rotation": [0, 180, 0],
							"uv": {
								"north": {"uv": [24, 24], "uv_size": [8, 8]},
								"east": {"uv": [0, 0], "uv_size": [0, 8]},
								"south": {"uv": [24, 16], "uv_size": [8, 8]},
								"west": {"uv": [0, 0], "uv_size": [0, 8]},
								"up": {"uv": [8, 0], "uv_size": [-8, 0]},
								"down": {"uv": [8, 0], "uv_size": [-8, 0]}
							}
						}
					]
				},
				{
					"name": "bone8",
					"pivot": [0, 15, 0]
				},
				{
					"name": "bone9",
					"pivot": [0, 15, 0]
				},
				{
					"name": "bone2",
					"parent": "bone9",
					"pivot": [4.33013, 15, 2.5],
					"rotation": [0, -120, 0],
					"cubes": [
						{
							"origin": [3.33013, 14, 0.5],
							"size": [2, 2, 2],
							"pivot": [4.33013, 15, 1.5],
							"rotation": [-45, 0, 35],
							"uv": {
								"north": {"uv": [41, 9], "uv_size": [6, 6]},
								"east": {"uv": [41, 1], "uv_size": [6, 6]},
								"south": {"uv": [49, 1], "uv_size": [6, 6]},
								"west": {"uv": [57, 9], "uv_size": [6, 6]},
								"up": {"uv": [55, 15], "uv_size": [-6, -6]},
								"down": {"uv": [39, 15], "uv_size": [-6, -6]}
							}
						}
					]
				},
				{
					"name": "bone3",
					"parent": "bone9",
					"pivot": [4.33013, 15, -2.5],
					"rotation": [0, -60, 0],
					"cubes": [
						{
							"origin": [3.33013, 14, -4.5],
							"size": [2, 2, 2],
							"pivot": [4.33013, 15, -3.5],
							"rotation": [-45, 0, 35],
							"uv": {
								"north": {"uv": [49, 9], "uv_size": [6, 6]},
								"east": {"uv": [33, 9], "uv_size": [6, 6]},
								"south": {"uv": [49, 1], "uv_size": [6, 6]},
								"west": {"uv": [41, 9], "uv_size": [6, 6]},
								"up": {"uv": [47, 7], "uv_size": [-6, -6]},
								"down": {"uv": [63, 15], "uv_size": [-6, -6]}
							}
						}
					]
				},
				{
					"name": "bone4",
					"parent": "bone9",
					"pivot": [0, 15, 5],
					"rotation": [0, 180, 0],
					"cubes": [
						{
							"origin": [-1, 14, 3],
							"size": [2, 2, 2],
							"pivot": [0, 15, 4],
							"rotation": [-45, 0, 35],
							"uv": {
								"north": {"uv": [33, 9], "uv_size": [6, 6]},
								"east": {"uv": [41, 1], "uv_size": [6, 6]},
								"south": {"uv": [49, 9], "uv_size": [6, 6]},
								"west": {"uv": [57, 9], "uv_size": [6, 6]},
								"up": {"uv": [55, 7], "uv_size": [-6, -6]},
								"down": {"uv": [47, 15], "uv_size": [-6, -6]}
							}
						}
					]
				},
				{
					"name": "bone5",
					"parent": "bone9",
					"pivot": [-4.33013, 15, -2.5],
					"rotation": [0, 60, 0],
					"cubes": [
						{
							"origin": [-5.33013, 14, -4.5],
							"size": [2, 2, 2],
							"pivot": [-4.33013, 15, -3.5],
							"rotation": [-45, 0, 35],
							"uv": {
								"north": {"uv": [41, 1], "uv_size": [6, 6]},
								"east": {"uv": [49, 9], "uv_size": [6, 6]},
								"south": {"uv": [41, 9], "uv_size": [6, 6]},
								"west": {"uv": [33, 9], "uv_size": [6, 6]},
								"up": {"uv": [55, 7], "uv_size": [-6, -6]},
								"down": {"uv": [63, 15], "uv_size": [-6, -6]}
							}
						}
					]
				},
				{
					"name": "bone6",
					"parent": "bone9",
					"pivot": [0, 15, -5],
					"cubes": [
						{
							"origin": [-1, 14, -7],
							"size": [2, 2, 2],
							"pivot": [0, 15, -6],
							"rotation": [-45, 0, 35],
							"uv": {
								"north": {"uv": [41, 1], "uv_size": [6, 6]},
								"east": {"uv": [33, 9], "uv_size": [6, 6]},
								"south": {"uv": [49, 1], "uv_size": [6, 6]},
								"west": {"uv": [57, 9], "uv_size": [6, 6]},
								"up": {"uv": [47, 15], "uv_size": [-6, -6]},
								"down": {"uv": [55, 15], "uv_size": [-6, -6]}
							}
						}
					]
				},
				{
					"name": "bone7",
					"parent": "bone9",
					"pivot": [-4.33013, 15, 2.5],
					"rotation": [0, 120, 0],
					"cubes": [
						{
							"origin": [-5.33013, 14, 0.5],
							"size": [2, 2, 2],
							"pivot": [-4.33013, 15, 1.5],
							"rotation": [-45, 0, 35],
							"uv": {
								"north": {"uv": [33, 9], "uv_size": [6, 6]},
								"east": {"uv": [41, 9], "uv_size": [6, 6]},
								"south": {"uv": [41, 1], "uv_size": [6, 6]},
								"west": {"uv": [57, 9], "uv_size": [6, 6]},
								"up": {"uv": [55, 7], "uv_size": [-6, -6]},
								"down": {"uv": [55, 15], "uv_size": [-6, -6]}
							}
						}
					]
				}
			]
		}
	]
}