{
	"format_version": "1.12.0",
	"minecraft:geometry": [
		{
			"description": {
				"identifier": "geometry.unknown",
				"texture_width": 64,
				"texture_height": 64,
				"visible_bounds_width": 3,
				"visible_bounds_height": 3.5,
				"visible_bounds_offset": [0, 1.25, 0]
			},
			"bones": [
				{
					"name": "bone9",
					"pivot": [0, -12, 0]
				},
				{
					"name": "bone4",
					"parent": "bone9",
					"pivot": [0, 4, 0]
				},
				{
					"name": "bone3",
					"parent": "bone4",
					"pivot": [-5.5, 4, 0],
					"rotation": [0, 0, -45],
					"cubes": [
						{
							"origin": [-7, 3.5, -1.5],
							"size": [3, 1, 3],
							"pivot": [-5.5, 4, 0],
							"rotation": [0, -45, 0],
							"uv": {
								"north": {"uv": [18, 11], "uv_size": [3, 1]},
								"east": {"uv": [27, 13], "uv_size": [3, 1]},
								"south": {"uv": [23, 2], "uv_size": [3, 1]},
								"west": {"uv": [22, 13], "uv_size": [3, 1]},
								"up": {"uv": [30, 5], "uv_size": [-3, -3]},
								"down": {"uv": [21, 14], "uv_size": [-3, -3]}
							}
						}
					]
				},
				{
					"name": "bone6",
					"parent": "bone9",
					"pivot": [0, 4, 0],
					"rotation": [0, 180, 0]
				},
				{
					"name": "bone5",
					"parent": "bone6",
					"pivot": [-5.5, 4, 0],
					"rotation": [0, 0, -45],
					"cubes": [
						{
							"origin": [-7, 3.5, -1.5],
							"size": [3, 1, 3],
							"pivot": [-5.5, 4, 0],
							"rotation": [0, -45, 0],
							"uv": {
								"north": {"uv": [18, 11], "uv_size": [3, 1]},
								"east": {"uv": [27, 13], "uv_size": [3, 1]},
								"south": {"uv": [23, 2], "uv_size": [3, 1]},
								"west": {"uv": [22, 13], "uv_size": [3, 1]},
								"up": {"uv": [30, 5], "uv_size": [-3, -3]},
								"down": {"uv": [21, 14], "uv_size": [-3, -3]}
							}
						}
					]
				},
				{
					"name": "bone8",
					"parent": "bone9",
					"pivot": [0, 4, 0],
					"rotation": [0, 90, 0]
				},
				{
					"name": "bone7",
					"parent": "bone8",
					"pivot": [-5.5, 4, 0],
					"rotation": [0, 90, -45],
					"cubes": [
						{
							"origin": [-7, 3.5, -1.5],
							"size": [3, 1, 3],
							"pivot": [-5.5, 4, 0],
							"rotation": [0, -45, 0],
							"uv": {
								"north": {"uv": [18, 11], "uv_size": [3, 1]},
								"east": {"uv": [27, 13], "uv_size": [3, 1]},
								"south": {"uv": [23, 2], "uv_size": [3, 1]},
								"west": {"uv": [22, 13], "uv_size": [3, 1]},
								"up": {"uv": [30, 5], "uv_size": [-3, -3]},
								"down": {"uv": [21, 14], "uv_size": [-3, -3]}
							}
						}
					]
				},
				{
					"name": "bone1",
					"parent": "bone9",
					"pivot": [0, -2.5, 0],
					"rotation": [0, -90, 0]
				},
				{
					"name": "bone2",
					"parent": "bone1",
					"pivot": [-5.5, 4, 0],
					"rotation": [0, 0, -45],
					"cubes": [
						{
							"origin": [-7, 3.5, -1.5],
							"size": [3, 1, 3],
							"pivot": [-5.5, 4, 0],
							"rotation": [0, -45, 0],
							"uv": {
								"north": {"uv": [18, 11], "uv_size": [3, 1]},
								"east": {"uv": [27, 13], "uv_size": [3, 1]},
								"south": {"uv": [23, 2], "uv_size": [3, 1]},
								"west": {"uv": [22, 13], "uv_size": [3, 1]},
								"up": {"uv": [30, 5], "uv_size": [-3, -3]},
								"down": {"uv": [21, 14], "uv_size": [-3, -3]}
							}
						}
					]
				},
				{
					"name": "bone17",
					"pivot": [0, 20.5, 0]
				},
				{
					"name": "bone16",
					"parent": "bone17",
					"pivot": [0, 20.5, 0],
					"cubes": [
						{
							"origin": [-1.5, 5, -1.5],
							"size": [3, 3, 3],
							"pivot": [0, 6.5, 0],
							"rotation": [-45, 0, -35],
							"uv": {
								"north": {"uv": [22, 8], "uv_size": [3, 3]},
								"east": {"uv": [21, 4], "uv_size": [3, 3]},
								"south": {"uv": [24, 7], "uv_size": [3, 3]},
								"west": {"uv": [23, 5], "uv_size": [3, 3]},
								"up": {"uv": [25, 8], "uv_size": [-3, -3]},
								"down": {"uv": [25, 9], "uv_size": [-3, -3]}
							}
						}
					]
				},
				{
					"name": "bone15",
					"parent": "bone17",
					"pivot": [0, 10.5, -6.5],
					"rotation": [-90, 0, 0]
				},
				{
					"name": "bone",
					"parent": "bone15",
					"pivot": [0, 4, -6.5]
				},
				{
					"name": "bone10",
					"parent": "bone15",
					"pivot": [0, 4, -6.5],
					"rotation": [0, -60, 0]
				},
				{
					"name": "bone11",
					"parent": "bone15",
					"pivot": [0, 4, -6.5],
					"rotation": [0, -120, 0]
				},
				{
					"name": "bone12",
					"parent": "bone15",
					"pivot": [0, 4, -6.5],
					"rotation": [0, 180, 0]
				},
				{
					"name": "bone13",
					"parent": "bone15",
					"pivot": [0, 4, -6.5],
					"rotation": [0, 60, 0]
				},
				{
					"name": "bone14",
					"parent": "bone15",
					"pivot": [0, 4, -6.5],
					"rotation": [0, 120, 0]
				},
				{
					"name": "bone19",
					"pivot": [0, 12.375, 0],
					"rotation": [0, 0, -180]
				},
				{
					"name": "bone20",
					"parent": "bone19",
					"pivot": [0, 14, 0]
				},
				{
					"name": "bone21",
					"parent": "bone20",
					"pivot": [-5.5, 14, 0],
					"rotation": [0, 0, -45],
					"cubes": [
						{
							"origin": [-7, 13.5, -1.5],
							"size": [3, 1, 3],
							"pivot": [-5.5, 14, 0],
							"rotation": [0, -45, 0],
							"uv": {
								"north": {"uv": [18, 11], "uv_size": [3, 1]},
								"east": {"uv": [27, 13], "uv_size": [3, 1]},
								"south": {"uv": [23, 2], "uv_size": [3, 1]},
								"west": {"uv": [22, 13], "uv_size": [3, 1]},
								"up": {"uv": [30, 5], "uv_size": [-3, -3]},
								"down": {"uv": [21, 14], "uv_size": [-3, -3]}
							}
						}
					]
				},
				{
					"name": "bone23",
					"parent": "bone19",
					"pivot": [0, 14, 0],
					"rotation": [0, 180, 0]
				},
				{
					"name": "bone24",
					"parent": "bone23",
					"pivot": [-5.5, 14, 0],
					"rotation": [0, 0, -45],
					"cubes": [
						{
							"origin": [-7, 13.5, -1.5],
							"size": [3, 1, 3],
							"pivot": [-5.5, 14, 0],
							"rotation": [0, -45, 0],
							"uv": {
								"north": {"uv": [18, 11], "uv_size": [3, 1]},
								"east": {"uv": [27, 13], "uv_size": [3, 1]},
								"south": {"uv": [23, 2], "uv_size": [3, 1]},
								"west": {"uv": [22, 13], "uv_size": [3, 1]},
								"up": {"uv": [30, 5], "uv_size": [-3, -3]},
								"down": {"uv": [21, 14], "uv_size": [-3, -3]}
							}
						}
					]
				},
				{
					"name": "bone25",
					"parent": "bone19",
					"pivot": [0, 14, 0],
					"rotation": [0, 90, 0]
				},
				{
					"name": "bone26",
					"parent": "bone25",
					"pivot": [-5.5, 14, 0],
					"rotation": [0, 90, -45],
					"cubes": [
						{
							"origin": [-7, 13.5, -1.5],
							"size": [3, 1, 3],
							"pivot": [-5.5, 14, 0],
							"rotation": [0, -45, 0],
							"uv": {
								"north": {"uv": [18, 11], "uv_size": [3, 1]},
								"east": {"uv": [27, 13], "uv_size": [3, 1]},
								"south": {"uv": [23, 2], "uv_size": [3, 1]},
								"west": {"uv": [22, 13], "uv_size": [3, 1]},
								"up": {"uv": [30, 5], "uv_size": [-3, -3]},
								"down": {"uv": [21, 14], "uv_size": [-3, -3]}
							}
						}
					]
				},
				{
					"name": "bone27",
					"parent": "bone19",
					"pivot": [0, 7.5, 0],
					"rotation": [0, -90, 0]
				},
				{
					"name": "bone28",
					"parent": "bone27",
					"pivot": [-5.5, 14, 0],
					"rotation": [0, 0, -45],
					"cubes": [
						{
							"origin": [-7, 13.5, -1.5],
							"size": [3, 1, 3],
							"pivot": [-5.5, 14, 0],
							"rotation": [0, -45, 0],
							"uv": {
								"north": {"uv": [18, 11], "uv_size": [3, 1]},
								"east": {"uv": [27, 13], "uv_size": [3, 1]},
								"south": {"uv": [23, 2], "uv_size": [3, 1]},
								"west": {"uv": [22, 13], "uv_size": [3, 1]},
								"up": {"uv": [30, 5], "uv_size": [-3, -3]},
								"down": {"uv": [21, 14], "uv_size": [-3, -3]}
							}
						}
					]
				},
				{
					"name": "bone30",
					"pivot": [-3, 8, -6],
					"cubes": [
						{
							"origin": [-7, 3, -7],
							"size": [5, 10, 5],
							"uv": {
								"north": {"uv": [54, 0], "uv_size": [-5, 10]},
								"east": {"uv": [44, 0], "uv_size": [5, 10]},
								"south": {"uv": [54, 0], "uv_size": [-5, 10]},
								"west": {"uv": [49, 0], "uv_size": [-5, 10]},
								"up": {"uv": [7, 19], "uv_size": [-5, -5]},
								"down": {"uv": [7, 26], "uv_size": [-5, -5]}
							}
						}
					]
				},
				{
					"name": "bone29",
					"pivot": [6, 8, -6],
					"cubes": [
						{
							"origin": [2, 2, -7],
							"size": [5, 11, 5],
							"uv": {
								"north": {"uv": [59, 13], "uv_size": [5, 11]},
								"east": {"uv": [64, 13], "uv_size": [-5, 11]},
								"south": {"uv": [54, 13], "uv_size": [5, 11]},
								"west": {"uv": [59, 13], "uv_size": [-5, 11]},
								"up": {"uv": [7, 19], "uv_size": [-5, -5]},
								"down": {"uv": [7, 26], "uv_size": [-5, -5]}
							}
						}
					]
				},
				{
					"name": "bone22",
					"pivot": [6, 7, 3],
					"cubes": [
						{
							"origin": [2, 1, 2],
							"size": [5, 13, 5],
							"uv": {
								"north": {"uv": [59, 0], "uv_size": [-5, 13]},
								"east": {"uv": [59, 0], "uv_size": [5, 13]},
								"south": {"uv": [59, 0], "uv_size": [-5, 13]},
								"west": {"uv": [59, 0], "uv_size": [5, 13]},
								"up": {"uv": [7, 19], "uv_size": [-5, -5]},
								"down": {"uv": [7, 26], "uv_size": [-5, -5]}
							}
						}
					]
				},
				{
					"name": "bone18",
					"pivot": [-3, 6, 3],
					"cubes": [
						{
							"origin": [-7, 2, 2],
							"size": [5, 9, 5],
							"uv": {
								"north": {"uv": [49, 10], "uv_size": [-5, 9]},
								"east": {"uv": [49, 10], "uv_size": [5, 9]},
								"south": {"uv": [49, 10], "uv_size": [5, 9]},
								"west": {"uv": [44, 10], "uv_size": [5, 9]},
								"up": {"uv": [7, 19], "uv_size": [-5, -5]},
								"down": {"uv": [7, 26], "uv_size": [-5, -5]}
							}
						}
					]
				},
				{
					"name": "bone31",
					"pivot": [0, 10.5, -6.5],
					"rotation": [-90, 0, 0]
				},
				{
					"name": "bone32",
					"parent": "bone31",
					"pivot": [0, 4, -6.5]
				},
				{
					"name": "bone33",
					"parent": "bone31",
					"pivot": [0, 4, -6.5],
					"rotation": [0, -60, 0]
				},
				{
					"name": "bone34",
					"parent": "bone31",
					"pivot": [0, 4, -6.5],
					"rotation": [0, -120, 0]
				},
				{
					"name": "bone35",
					"parent": "bone31",
					"pivot": [0, 4, -6.5],
					"rotation": [0, 180, 0]
				},
				{
					"name": "bone36",
					"parent": "bone31",
					"pivot": [0, 4, -6.5],
					"rotation": [0, 60, 0]
				},
				{
					"name": "bone37",
					"parent": "bone31",
					"pivot": [0, 4, -6.5],
					"rotation": [0, 120, 0]
				}
			]
		}
	]
}