{
	"format_version": "1.12.0",
	"minecraft:geometry": [
		{
			"description": {
				"identifier": "geometry.unknown",
				"texture_width": 64,
				"texture_height": 64,
				"visible_bounds_width": 3,
				"visible_bounds_height": 3.5,
				"visible_bounds_offset": [0, 1.25, 0]
			},
			"bones": [
				{
					"name": "bb_main",
					"pivot": [0, 0, 0],
					"cubes": [
						{
							"origin": [-8, 0, -8],
							"size": [16, 7, 16],
							"uv": {
								"north": {"uv": [0, 5], "uv_size": [16, 7]},
								"east": {"uv": [16, 5], "uv_size": [-16, 7]},
								"south": {"uv": [0, 5], "uv_size": [16, 7]},
								"west": {"uv": [16, 5], "uv_size": [-16, 7]},
								"up": {"uv": [0, 12], "uv_size": [16, 16]},
								"down": {"uv": [0, 28], "uv_size": [16, -16]}
							}
						},
						{
							"origin": [-3, 7, -7],
							"size": [10, 5, 4],
							"uv": {
								"north": {"uv": [11, 0], "uv_size": [-10, 5]},
								"east": {"uv": [5, 0], "uv_size": [-4, 5]},
								"south": {"uv": [1, 0], "uv_size": [10, 5]},
								"west": {"uv": [1, 0], "uv_size": [4, 5]},
								"up": {"uv": [41, 4], "uv_size": [-10, -4]},
								"down": {"uv": [31, 4], "uv_size": [10, -4]}
							}
						},
						{
							"origin": [-3, 7, 5],
							"size": [10, 5, 4],
							"pivot": [6, 7, 6],
							"rotation": [0, -90, 0],
							"uv": {
								"north": {"uv": [11, 0], "uv_size": [-10, 5]},
								"east": {"uv": [5, 0], "uv_size": [-4, 5]},
								"south": {"uv": [1, 0], "uv_size": [10, 5]},
								"west": {"uv": [1, 0], "uv_size": [4, 5]},
								"up": {"uv": [41, 4], "uv_size": [-10, -4]},
								"down": {"uv": [31, 4], "uv_size": [10, -4]}
							}
						},
						{
							"origin": [-15, 7, 5],
							"size": [10, 5, 4],
							"pivot": [-6, 7, 6],
							"rotation": [0, 180, 0],
							"uv": {
								"north": {"uv": [11, 0], "uv_size": [-10, 5]},
								"east": {"uv": [5, 0], "uv_size": [-4, 5]},
								"south": {"uv": [1, 0], "uv_size": [10, 5]},
								"west": {"uv": [1, 0], "uv_size": [4, 5]},
								"up": {"uv": [41, 4], "uv_size": [-10, -4]},
								"down": {"uv": [31, 4], "uv_size": [10, -4]}
							}
						},
						{
							"origin": [-15, 7, -7],
							"size": [10, 5, 4],
							"pivot": [-6, 7, -6],
							"rotation": [0, 90, 0],
							"uv": {
								"north": {"uv": [11, 0], "uv_size": [-10, 5]},
								"east": {"uv": [5, 0], "uv_size": [-4, 5]},
								"south": {"uv": [1, 0], "uv_size": [10, 5]},
								"west": {"uv": [1, 0], "uv_size": [4, 5]},
								"up": {"uv": [41, 4], "uv_size": [-10, -4]},
								"down": {"uv": [31, 4], "uv_size": [10, -4]}
							}
						}
					]
				},
				{
					"name": "bone9",
					"pivot": [0, 0, 0]
				},
				{
					"name": "bone4",
					"parent": "bone9",
					"pivot": [0, 16, 0]
				},
				{
					"name": "bone3",
					"parent": "bone4",
					"pivot": [-5.5, 16, 0],
					"rotation": [0, 0, -45]
				},
				{
					"name": "bone6",
					"parent": "bone9",
					"pivot": [0, 16, 0],
					"rotation": [0, 180, 0]
				},
				{
					"name": "bone5",
					"parent": "bone6",
					"pivot": [-5.5, 16, 0],
					"rotation": [0, 0, -45]
				},
				{
					"name": "bone8",
					"parent": "bone9",
					"pivot": [0, 16, 0],
					"rotation": [0, 90, 0]
				},
				{
					"name": "bone7",
					"parent": "bone8",
					"pivot": [-5.5, 16, 0],
					"rotation": [0, 90, -45]
				},
				{
					"name": "bone1",
					"parent": "bone9",
					"pivot": [0, 9.5, 0],
					"rotation": [0, -90, 0]
				},
				{
					"name": "bone2",
					"parent": "bone1",
					"pivot": [-5.5, 16, 0],
					"rotation": [0, 0, -45]
				},
				{
					"name": "bone17",
					"pivot": [0, 22.5, 0]
				},
				{
					"name": "bone16",
					"parent": "bone17",
					"pivot": [0, 22.5, 0]
				},
				{
					"name": "bone15",
					"parent": "bone17",
					"pivot": [0, 12.5, -6.5],
					"rotation": [-90, 0, 0],
					"cubes": [
						{
							"origin": [-5.5, 18.6, -8.5],
							"size": [1, 0.8, 4],
							"pivot": [0, 19, -6.5],
							"rotation": [-90, 0, -120],
							"uv": {
								"north": {"uv": [20, 13], "uv_size": [1, 0.8]},
								"east": {"uv": [21, 13], "uv_size": [4, 0.8]},
								"south": {"uv": [20, 4], "uv_size": [1, 0.8]},
								"west": {"uv": [21, 13], "uv_size": [4, 0.8]},
								"up": {"uv": [20, 9], "uv_size": [-1, -4]},
								"down": {"uv": [20, 10], "uv_size": [-1, -4]}
							}
						},
						{
							"origin": [-5.5, 18.6, -8.5],
							"size": [1, 0.8, 4],
							"pivot": [0, 19, -6.5],
							"rotation": [-90, 0, -60],
							"uv": {
								"north": {"uv": [20, 13], "uv_size": [1, 0.8]},
								"east": {"uv": [21, 13], "uv_size": [4, 0.8]},
								"south": {"uv": [20, 4], "uv_size": [1, 0.8]},
								"west": {"uv": [21, 13], "uv_size": [4, 0.8]},
								"up": {"uv": [20, 9], "uv_size": [-1, -4]},
								"down": {"uv": [20, 10], "uv_size": [-1, -4]}
							}
						},
						{
							"origin": [-5.5, 18.6, -8.5],
							"size": [1, 0.8, 4],
							"pivot": [0, 19, -6.5],
							"rotation": [-90, 0, 120],
							"uv": {
								"north": {"uv": [20, 13], "uv_size": [1, 0.8]},
								"east": {"uv": [21, 13], "uv_size": [4, 0.8]},
								"south": {"uv": [20, 4], "uv_size": [1, 0.8]},
								"west": {"uv": [21, 13], "uv_size": [4, 0.8]},
								"up": {"uv": [20, 9], "uv_size": [-1, -4]},
								"down": {"uv": [20, 10], "uv_size": [-1, -4]}
							}
						},
						{
							"origin": [-5.5, 18.6, -8.5],
							"size": [1, 0.8, 4],
							"pivot": [0, 19, -6.5],
							"rotation": [-90, 0, -180],
							"uv": {
								"north": {"uv": [20, 13], "uv_size": [1, 0.8]},
								"east": {"uv": [21, 13], "uv_size": [4, 0.8]},
								"south": {"uv": [20, 4], "uv_size": [1, 0.8]},
								"west": {"uv": [21, 13], "uv_size": [4, 0.8]},
								"up": {"uv": [20, 9], "uv_size": [-1, -4]},
								"down": {"uv": [20, 10], "uv_size": [-1, -4]}
							}
						},
						{
							"origin": [-5.5, 18.6, -8.5],
							"size": [1, 0.8, 4],
							"pivot": [0, 19, -6.5],
							"rotation": [-90, 0, 60],
							"uv": {
								"north": {"uv": [20, 13], "uv_size": [1, 0.8]},
								"east": {"uv": [21, 13], "uv_size": [4, 0.8]},
								"south": {"uv": [20, 4], "uv_size": [1, 0.8]},
								"west": {"uv": [21, 13], "uv_size": [4, 0.8]},
								"up": {"uv": [20, 9], "uv_size": [-1, -4]},
								"down": {"uv": [20, 10], "uv_size": [-1, -4]}
							}
						},
						{
							"origin": [-5.5, 18.6, -8.5],
							"size": [1, 0.8, 4],
							"pivot": [0, 19, -6.5],
							"rotation": [-90, 0, 0],
							"uv": {
								"north": {"uv": [20, 13], "uv_size": [1, 0.8]},
								"east": {"uv": [21, 13], "uv_size": [4, 0.8]},
								"south": {"uv": [20, 4], "uv_size": [1, 0.8]},
								"west": {"uv": [21, 13], "uv_size": [4, 0.8]},
								"up": {"uv": [20, 9], "uv_size": [-1, -4]},
								"down": {"uv": [20, 10], "uv_size": [-1, -4]}
							}
						}
					]
				},
				{
					"name": "bone",
					"parent": "bone15",
					"pivot": [0, 6, -6.5],
					"cubes": [
						{
							"origin": [-6.09619, 18.5, -12.59619],
							"size": [3, 1, 3],
							"pivot": [0, 19, -6.5],
							"rotation": [-90, 0, 45],
							"uv": {
								"north": {"uv": [22, 13], "uv_size": [3, 1]},
								"east": {"uv": [23, 14], "uv_size": [3, -1]},
								"south": {"uv": [22, 14], "uv_size": [3, -1]},
								"west": {"uv": [23, 13], "uv_size": [3, 1]},
								"up": {"uv": [21, 14], "uv_size": [-3, -3]},
								"down": {"uv": [30, 14], "uv_size": [-3, -3]}
							}
						}
					]
				},
				{
					"name": "bone10",
					"parent": "bone15",
					"pivot": [0, 6, -6.5],
					"rotation": [0, -60, 0],
					"cubes": [
						{
							"origin": [-10.92582, 13.5, -11.3021],
							"size": [3, 1, 3],
							"pivot": [0, 14, -6.5],
							"rotation": [-30.86748, -12.95254, 97.63074],
							"uv": {
								"north": {"uv": [22, 13], "uv_size": [3, 1]},
								"east": {"uv": [23, 14], "uv_size": [3, -1]},
								"south": {"uv": [22, 14], "uv_size": [3, -1]},
								"west": {"uv": [23, 13], "uv_size": [3, 1]},
								"up": {"uv": [21, 14], "uv_size": [-3, -3]},
								"down": {"uv": [30, 14], "uv_size": [-3, -3]}
							}
						}
					]
				},
				{
					"name": "bone11",
					"parent": "bone15",
					"pivot": [0, 6, -6.5],
					"rotation": [0, -120, 0],
					"cubes": [
						{
							"origin": [-7.39029, 13.5, -7.76656],
							"size": [3, 1, 3],
							"pivot": [0, 14, -6.5],
							"rotation": [65.85389, -56.77406, 28.18679],
							"uv": {
								"north": {"uv": [22, 13], "uv_size": [3, 1]},
								"east": {"uv": [23, 14], "uv_size": [3, -1]},
								"south": {"uv": [22, 14], "uv_size": [3, -1]},
								"west": {"uv": [23, 13], "uv_size": [3, 1]},
								"up": {"uv": [21, 14], "uv_size": [-3, -3]},
								"down": {"uv": [30, 14], "uv_size": [-3, -3]}
							}
						}
					]
				},
				{
					"name": "bone12",
					"parent": "bone15",
					"pivot": [0, 6, -6.5],
					"rotation": [0, 180, 0],
					"cubes": [
						{
							"origin": [-2.56066, 13.5, -9.06066],
							"size": [3, 1, 3],
							"pivot": [0, 14, -6.5],
							"rotation": [90, 0, -45],
							"uv": {
								"north": {"uv": [22, 13], "uv_size": [3, 1]},
								"east": {"uv": [23, 14], "uv_size": [3, -1]},
								"south": {"uv": [22, 14], "uv_size": [3, -1]},
								"west": {"uv": [23, 13], "uv_size": [3, 1]},
								"up": {"uv": [21, 14], "uv_size": [-3, -3]},
								"down": {"uv": [30, 14], "uv_size": [-3, -3]}
							}
						}
					]
				},
				{
					"name": "bone13",
					"parent": "bone15",
					"pivot": [0, 6, -6.5],
					"rotation": [0, 60, 0],
					"cubes": [
						{
							"origin": [-4.8021, 13.5, -17.42582],
							"size": [3, 1, 3],
							"pivot": [0, 14, -6.5],
							"rotation": [-65.85389, -56.77406, -28.18679],
							"uv": {
								"north": {"uv": [22, 13], "uv_size": [3, 1]},
								"east": {"uv": [23, 14], "uv_size": [3, -1]},
								"south": {"uv": [22, 14], "uv_size": [3, -1]},
								"west": {"uv": [23, 13], "uv_size": [3, 1]},
								"up": {"uv": [21, 14], "uv_size": [-3, -3]},
								"down": {"uv": [30, 14], "uv_size": [-3, -3]}
							}
						}
					]
				},
				{
					"name": "bone14",
					"parent": "bone15",
					"pivot": [0, 6, -6.5],
					"rotation": [0, 120, 0],
					"cubes": [
						{
							"origin": [-1.26656, 13.5, -13.89029],
							"size": [3, 1, 3],
							"pivot": [0, 14, -6.5],
							"rotation": [30.86748, -12.95254, -97.63074],
							"uv": {
								"north": {"uv": [22, 13], "uv_size": [3, 1]},
								"east": {"uv": [23, 14], "uv_size": [3, -1]},
								"south": {"uv": [22, 14], "uv_size": [3, -1]},
								"west": {"uv": [23, 13], "uv_size": [3, 1]},
								"up": {"uv": [21, 14], "uv_size": [-3, -3]},
								"down": {"uv": [30, 14], "uv_size": [-3, -3]}
							}
						}
					]
				},
				{
					"name": "bone19",
					"pivot": [0, 31.375, 0],
					"rotation": [0, 0, -180]
				},
				{
					"name": "bone20",
					"parent": "bone19",
					"pivot": [0, 33, 0]
				},
				{
					"name": "bone21",
					"parent": "bone20",
					"pivot": [-5.5, 33, 0],
					"rotation": [0, 0, -45]
				},
				{
					"name": "bone23",
					"parent": "bone19",
					"pivot": [0, 33, 0],
					"rotation": [0, 180, 0]
				},
				{
					"name": "bone24",
					"parent": "bone23",
					"pivot": [-5.5, 33, 0],
					"rotation": [0, 0, -45]
				},
				{
					"name": "bone25",
					"parent": "bone19",
					"pivot": [0, 33, 0],
					"rotation": [0, 90, 0]
				},
				{
					"name": "bone26",
					"parent": "bone25",
					"pivot": [-5.5, 33, 0],
					"rotation": [0, 90, -45]
				},
				{
					"name": "bone27",
					"parent": "bone19",
					"pivot": [0, 26.5, 0],
					"rotation": [0, -90, 0]
				},
				{
					"name": "bone28",
					"parent": "bone27",
					"pivot": [-5.5, 33, 0],
					"rotation": [0, 0, -45]
				},
				{
					"name": "bone30",
					"pivot": [-3, 32, -6]
				},
				{
					"name": "bone29",
					"pivot": [6, 32, -6]
				},
				{
					"name": "bone22",
					"pivot": [6, 31, 3]
				},
				{
					"name": "bone18",
					"pivot": [-3, 30, 3]
				},
				{
					"name": "bone31",
					"pivot": [0, 12.5, -6.5],
					"rotation": [-90, 0, 0],
					"cubes": [
						{
							"origin": [-5.5, 18.6, -8.5],
							"size": [1, 0.8, 4],
							"pivot": [0, 19, -6.5],
							"rotation": [-90, 0, -120],
							"uv": {
								"north": {"uv": [20, 13], "uv_size": [1, 0.8]},
								"east": {"uv": [21, 13], "uv_size": [4, 0.8]},
								"south": {"uv": [20, 4], "uv_size": [1, 0.8]},
								"west": {"uv": [21, 13], "uv_size": [4, 0.8]},
								"up": {"uv": [20, 9], "uv_size": [-1, -4]},
								"down": {"uv": [20, 10], "uv_size": [-1, -4]}
							}
						},
						{
							"origin": [-5.5, 18.6, -8.5],
							"size": [1, 0.8, 4],
							"pivot": [0, 19, -6.5],
							"rotation": [-90, 0, -60],
							"uv": {
								"north": {"uv": [20, 13], "uv_size": [1, 0.8]},
								"east": {"uv": [21, 13], "uv_size": [4, 0.8]},
								"south": {"uv": [20, 4], "uv_size": [1, 0.8]},
								"west": {"uv": [21, 13], "uv_size": [4, 0.8]},
								"up": {"uv": [20, 9], "uv_size": [-1, -4]},
								"down": {"uv": [20, 10], "uv_size": [-1, -4]}
							}
						},
						{
							"origin": [-5.5, 18.6, -8.5],
							"size": [1, 0.8, 4],
							"pivot": [0, 19, -6.5],
							"rotation": [-90, 0, 120],
							"uv": {
								"north": {"uv": [20, 13], "uv_size": [1, 0.8]},
								"east": {"uv": [21, 13], "uv_size": [4, 0.8]},
								"south": {"uv": [20, 4], "uv_size": [1, 0.8]},
								"west": {"uv": [21, 13], "uv_size": [4, 0.8]},
								"up": {"uv": [20, 9], "uv_size": [-1, -4]},
								"down": {"uv": [20, 10], "uv_size": [-1, -4]}
							}
						},
						{
							"origin": [-5.5, 18.6, -8.5],
							"size": [1, 0.8, 4],
							"pivot": [0, 19, -6.5],
							"rotation": [-90, 0, -180],
							"uv": {
								"north": {"uv": [20, 13], "uv_size": [1, 0.8]},
								"east": {"uv": [21, 13], "uv_size": [4, 0.8]},
								"south": {"uv": [20, 4], "uv_size": [1, 0.8]},
								"west": {"uv": [21, 13], "uv_size": [4, 0.8]},
								"up": {"uv": [20, 9], "uv_size": [-1, -4]},
								"down": {"uv": [20, 10], "uv_size": [-1, -4]}
							}
						},
						{
							"origin": [-5.5, 18.6, -8.5],
							"size": [1, 0.8, 4],
							"pivot": [0, 19, -6.5],
							"rotation": [-90, 0, 60],
							"uv": {
								"north": {"uv": [20, 13], "uv_size": [1, 0.8]},
								"east": {"uv": [21, 13], "uv_size": [4, 0.8]},
								"south": {"uv": [20, 4], "uv_size": [1, 0.8]},
								"west": {"uv": [21, 13], "uv_size": [4, 0.8]},
								"up": {"uv": [20, 9], "uv_size": [-1, -4]},
								"down": {"uv": [20, 10], "uv_size": [-1, -4]}
							}
						},
						{
							"origin": [-5.5, 18.6, -8.5],
							"size": [1, 0.8, 4],
							"pivot": [0, 19, -6.5],
							"rotation": [-90, 0, 0],
							"uv": {
								"north": {"uv": [20, 13], "uv_size": [1, 0.8]},
								"east": {"uv": [21, 13], "uv_size": [4, 0.8]},
								"south": {"uv": [20, 4], "uv_size": [1, 0.8]},
								"west": {"uv": [21, 13], "uv_size": [4, 0.8]},
								"up": {"uv": [20, 9], "uv_size": [-1, -4]},
								"down": {"uv": [20, 10], "uv_size": [-1, -4]}
							}
						}
					]
				},
				{
					"name": "bone32",
					"parent": "bone31",
					"pivot": [0, 6, -6.5],
					"cubes": [
						{
							"origin": [-6.09619, 18.5, -12.59619],
							"size": [3, 1, 3],
							"pivot": [0, 19, -6.5],
							"rotation": [-90, 0, 45],
							"uv": {
								"north": {"uv": [22, 13], "uv_size": [3, 1]},
								"east": {"uv": [23, 14], "uv_size": [3, -1]},
								"south": {"uv": [22, 14], "uv_size": [3, -1]},
								"west": {"uv": [23, 13], "uv_size": [3, 1]},
								"up": {"uv": [21, 14], "uv_size": [-3, -3]},
								"down": {"uv": [30, 14], "uv_size": [-3, -3]}
							}
						}
					]
				},
				{
					"name": "bone33",
					"parent": "bone31",
					"pivot": [0, 6, -6.5],
					"rotation": [0, -60, 0],
					"cubes": [
						{
							"origin": [-10.92582, 13.5, -11.3021],
							"size": [3, 1, 3],
							"pivot": [0, 14, -6.5],
							"rotation": [-30.86748, -12.95254, 97.63074],
							"uv": {
								"north": {"uv": [22, 13], "uv_size": [3, 1]},
								"east": {"uv": [23, 14], "uv_size": [3, -1]},
								"south": {"uv": [22, 14], "uv_size": [3, -1]},
								"west": {"uv": [23, 13], "uv_size": [3, 1]},
								"up": {"uv": [21, 14], "uv_size": [-3, -3]},
								"down": {"uv": [30, 14], "uv_size": [-3, -3]}
							}
						}
					]
				},
				{
					"name": "bone34",
					"parent": "bone31",
					"pivot": [0, 6, -6.5],
					"rotation": [0, -120, 0],
					"cubes": [
						{
							"origin": [-7.39029, 13.5, -7.76656],
							"size": [3, 1, 3],
							"pivot": [0, 14, -6.5],
							"rotation": [65.85389, -56.77406, 28.18679],
							"uv": {
								"north": {"uv": [22, 13], "uv_size": [3, 1]},
								"east": {"uv": [23, 14], "uv_size": [3, -1]},
								"south": {"uv": [22, 14], "uv_size": [3, -1]},
								"west": {"uv": [23, 13], "uv_size": [3, 1]},
								"up": {"uv": [21, 14], "uv_size": [-3, -3]},
								"down": {"uv": [30, 14], "uv_size": [-3, -3]}
							}
						}
					]
				},
				{
					"name": "bone35",
					"parent": "bone31",
					"pivot": [0, 6, -6.5],
					"rotation": [0, 180, 0],
					"cubes": [
						{
							"origin": [-2.56066, 13.5, -9.06066],
							"size": [3, 1, 3],
							"pivot": [0, 14, -6.5],
							"rotation": [90, 0, -45],
							"uv": {
								"north": {"uv": [22, 13], "uv_size": [3, 1]},
								"east": {"uv": [23, 14], "uv_size": [3, -1]},
								"south": {"uv": [22, 14], "uv_size": [3, -1]},
								"west": {"uv": [23, 13], "uv_size": [3, 1]},
								"up": {"uv": [21, 14], "uv_size": [-3, -3]},
								"down": {"uv": [30, 14], "uv_size": [-3, -3]}
							}
						}
					]
				},
				{
					"name": "bone36",
					"parent": "bone31",
					"pivot": [0, 6, -6.5],
					"rotation": [0, 60, 0],
					"cubes": [
						{
							"origin": [-4.8021, 13.5, -17.42582],
							"size": [3, 1, 3],
							"pivot": [0, 14, -6.5],
							"rotation": [-65.85389, -56.77406, -28.18679],
							"uv": {
								"north": {"uv": [22, 13], "uv_size": [3, 1]},
								"east": {"uv": [23, 14], "uv_size": [3, -1]},
								"south": {"uv": [22, 14], "uv_size": [3, -1]},
								"west": {"uv": [23, 13], "uv_size": [3, 1]},
								"up": {"uv": [21, 14], "uv_size": [-3, -3]},
								"down": {"uv": [30, 14], "uv_size": [-3, -3]}
							}
						}
					]
				},
				{
					"name": "bone37",
					"parent": "bone31",
					"pivot": [0, 6, -6.5],
					"rotation": [0, 120, 0],
					"cubes": [
						{
							"origin": [-1.26656, 13.5, -13.89029],
							"size": [3, 1, 3],
							"pivot": [0, 14, -6.5],
							"rotation": [30.86748, -12.95254, -97.63074],
							"uv": {
								"north": {"uv": [22, 13], "uv_size": [3, 1]},
								"east": {"uv": [23, 14], "uv_size": [3, -1]},
								"south": {"uv": [22, 14], "uv_size": [3, -1]},
								"west": {"uv": [23, 13], "uv_size": [3, 1]},
								"up": {"uv": [21, 14], "uv_size": [-3, -3]},
								"down": {"uv": [30, 14], "uv_size": [-3, -3]}
							}
						}
					]
				}
			]
		}
	]
}