{
	"format_version": "1.12.0",
	"minecraft:geometry": [
		{
			"description": {
				"identifier": "geometry.unknown",
				"texture_width": 64,
				"texture_height": 64,
				"visible_bounds_width": 2,
				"visible_bounds_height": 2.5,
				"visible_bounds_offset": [0, 0.75, 0]
			},
			"bones": [
				{
					"name": "pilon",
					"pivot": [0, 5, 0]
				},
				{
					"name": "core",
					"parent": "pilon",
					"pivot": [0, 5, 0],
					"cubes": [
						{
							"origin": [-2, 3, -2],
							"size": [4, 4, 4],
							"pivot": [0, 5, 0],
							"rotation": [-45, 0, 35],
							"uv": {
								"north": {"uv": [5, 22], "uv_size": [4, 4]},
								"east": {"uv": [7, 22], "uv_size": [4, 4]},
								"south": {"uv": [7, 24], "uv_size": [4, 4]},
								"west": {"uv": [5, 24], "uv_size": [4, 4]},
								"up": {"uv": [11, 24], "uv_size": [-4, -4]},
								"down": {"uv": [9, 24], "uv_size": [-4, -4]}
							}
						}
					]
				},
				{
					"name": "ring",
					"parent": "pilon",
					"pivot": [0, 4.5, 0],
					"cubes": [
						{
							"origin": [-5, 3, -1.5],
							"size": [1, 3, 3],
							"pivot": [0, 4.5, 0],
							"rotation": [-45, 90, 0],
							"uv": {
								"north": {"uv": [13, 2], "uv_size": [1, 3]},
								"east": {"uv": [11, 2], "uv_size": [3, 3]},
								"south": {"uv": [11, 2], "uv_size": [1, 3]},
								"west": {"uv": [2, 2], "uv_size": [3, 3]},
								"up": {"uv": [3, 5], "uv_size": [-1, -3]},
								"down": {"uv": [5, 5], "uv_size": [-1, -3]}
							}
						},
						{
							"origin": [-5, 3, -1.5],
							"size": [1, 3, 3],
							"pivot": [0, 4.5, 0],
							"rotation": [-45, 0, 0],
							"uv": {
								"north": {"uv": [13, 2], "uv_size": [1, 3]},
								"east": {"uv": [11, 2], "uv_size": [3, 3]},
								"south": {"uv": [11, 2], "uv_size": [1, 3]},
								"west": {"uv": [2, 2], "uv_size": [3, 3]},
								"up": {"uv": [3, 5], "uv_size": [-1, -3]},
								"down": {"uv": [5, 5], "uv_size": [-1, -3]}
							}
						},
						{
							"origin": [-5, 3, -1.5],
							"size": [1, 3, 3],
							"pivot": [0, 4.5, 0],
							"rotation": [-45, -90, 0],
							"uv": {
								"north": {"uv": [13, 2], "uv_size": [1, 3]},
								"east": {"uv": [11, 2], "uv_size": [3, 3]},
								"south": {"uv": [11, 2], "uv_size": [1, 3]},
								"west": {"uv": [2, 2], "uv_size": [3, 3]},
								"up": {"uv": [3, 5], "uv_size": [-1, -3]},
								"down": {"uv": [5, 5], "uv_size": [-1, -3]}
							}
						},
						{
							"origin": [-5, 3, -1.5],
							"size": [1, 3, 3],
							"pivot": [0, 4.5, 0],
							"rotation": [-45, 180, 0],
							"uv": {
								"north": {"uv": [13, 2], "uv_size": [1, 3]},
								"east": {"uv": [11, 2], "uv_size": [3, 3]},
								"south": {"uv": [11, 2], "uv_size": [1, 3]},
								"west": {"uv": [2, 2], "uv_size": [3, 3]},
								"up": {"uv": [3, 5], "uv_size": [-1, -3]},
								"down": {"uv": [5, 5], "uv_size": [-1, -3]}
							}
						}
					]
				}
			]
		}
	]
}