{
	"format_version": "1.12.0",
	"minecraft:geometry": [
		{
			"description": {
				"identifier": "geometry.unknown",
				"texture_width": 64,
				"texture_height": 64,
				"visible_bounds_width": 3,
				"visible_bounds_height": 2.5,
				"visible_bounds_offset": [0, 0.75, 0]
			},
			"bones": [
				{
					"name": "cap",
					"pivot": [0, 0, 0],
					"cubes": [
						{
							"origin": [-7, 9, -7],
							"size": [14, 3, 14],
							"uv": {
								"north": {"uv": [0, 1], "uv_size": [14, 3]},
								"east": {"uv": [0, 1], "uv_size": [14, 3]},
								"south": {"uv": [0, 1], "uv_size": [14, 3]},
								"west": {"uv": [0, 1], "uv_size": [14, 3]},
								"up": {"uv": [16, 0], "uv_size": [16, 16]},
								"down": {"uv": [16, 16], "uv_size": [16, -16]}
							}
						},
						{
							"origin": [-4, 12.3, -7.1],
							"size": [8, 0, 14.2],
							"uv": {
								"north": {"uv": [36, 27], "uv_size": [2, 2]},
								"east": {"uv": [34, 24], "uv_size": [2, 2]},
								"south": {"uv": [36, 21], "uv_size": [2, 2]},
								"west": {"uv": [36, 18], "uv_size": [2, 2]},
								"up": {"uv": [24, 32], "uv_size": [-8, -16]},
								"down": {"uv": [40, 32.2], "uv_size": [-8, -16.2]}
							}
						},
						{
							"origin": [-4, 4.3, -7.1],
							"size": [8, 0, 8],
							"pivot": [0, 4.3, -7.1],
							"rotation": [90, 0, 0],
							"uv": {
								"north": {"uv": [26, 24], "uv_size": [-2, 2]},
								"east": {"uv": [24, 24], "uv_size": [2, 2]},
								"south": {"uv": [24, 24], "uv_size": [2, 2]},
								"west": {"uv": [24, 24], "uv_size": [2, 2]},
								"up": {"uv": [32, 24], "uv_size": [-8, 8]},
								"down": {"uv": [32, 24], "uv_size": [-8, -8]}
							}
						},
						{
							"origin": [-4, 4.2, 7],
							"size": [8, 0, 8],
							"pivot": [0, 4.3, 7],
							"rotation": [90, 0, 0],
							"uv": {
								"north": {"uv": [24, 24], "uv_size": [5, 4]},
								"east": {"uv": [24, 24], "uv_size": [2, 2]},
								"south": {"uv": [24, 24], "uv_size": [2, 2]},
								"west": {"uv": [24, 24], "uv_size": [2, 2]},
								"up": {"uv": [32, 24], "uv_size": [-8, 8]},
								"down": {"uv": [32, 24], "uv_size": [-8, -8]}
							}
						}
					]
				},
				{
					"name": "bone",
					"pivot": [1, 0, -1],
					"cubes": [
						{
							"origin": [2, 0, -7],
							"size": [5, 9, 5],
							"uv": {
								"north": {"uv": [11, 16], "uv_size": [5, 9]},
								"east": {"uv": [11, 16], "uv_size": [5, 9]},
								"south": {"uv": [0, 16], "uv_size": [5, 9]},
								"west": {"uv": [0, 16], "uv_size": [5, 9]},
								"up": {"uv": [27, 11], "uv_size": [5, 5]},
								"down": {"uv": [27, 16], "uv_size": [5, -5]}
							}
						},
						{
							"origin": [-2, 0, -7],
							"size": [4, 6, 2],
							"uv": {
								"north": {"uv": [5, 19], "uv_size": [6, 6]},
								"east": {"uv": [14, 19], "uv_size": [2, 6]},
								"south": {"uv": [5, 19], "uv_size": [6, 6]},
								"west": {"uv": [0, 19], "uv_size": [2, 6]},
								"up": {"uv": [21, 14], "uv_size": [6, 2]},
								"down": {"uv": [21, 16], "uv_size": [6, -2]}
							}
						},
						{
							"origin": [-3, 0, -6],
							"size": [6, 1, 3],
							"uv": {
								"north": {"uv": [5, 16], "uv_size": [6, 9]},
								"east": {"uv": [11, 16], "uv_size": [3, 9]},
								"south": {"uv": [5, 16], "uv_size": [6, 9]},
								"west": {"uv": [2, 16], "uv_size": [3, 9]},
								"up": {"uv": [21, 11], "uv_size": [6, 3]},
								"down": {"uv": [21, 14], "uv_size": [6, -3]}
							}
						},
						{
							"origin": [-7, 0, -7],
							"size": [5, 9, 5],
							"uv": {
								"north": {"uv": [0, 16], "uv_size": [5, 9]},
								"east": {"uv": [11, 16], "uv_size": [5, 9]},
								"south": {"uv": [11, 16], "uv_size": [5, 9]},
								"west": {"uv": [0, 16], "uv_size": [5, 9]},
								"up": {"uv": [16, 11], "uv_size": [5, 5]},
								"down": {"uv": [16, 16], "uv_size": [5, -5]}
							}
						},
						{
							"origin": [5, 0, -2],
							"size": [2, 6, 4],
							"uv": {
								"north": {"uv": [14, 19], "uv_size": [2, 6]},
								"east": {"uv": [5, 19], "uv_size": [6, 6]},
								"south": {"uv": [0, 19], "uv_size": [2, 6]},
								"west": {"uv": [6, 19], "uv_size": [4, 6]},
								"up": {"uv": [30, 5], "uv_size": [2, 6]},
								"down": {"uv": [30, 11], "uv_size": [2, -6]}
							}
						},
						{
							"origin": [-6, 0, -3],
							"size": [12, 1, 6],
							"uv": {
								"north": {"uv": [2, 16], "uv_size": [12, 9]},
								"east": {"uv": [5, 16], "uv_size": [6, 9]},
								"south": {"uv": [2, 16], "uv_size": [12, 9]},
								"west": {"uv": [5, 16], "uv_size": [6, 9]},
								"up": {"uv": [18, 5], "uv_size": [12, 6]},
								"down": {"uv": [18, 11], "uv_size": [12, -6]}
							}
						},
						{
							"origin": [-7, 0, -2],
							"size": [2, 6, 4],
							"uv": {
								"north": {"uv": [0, 19], "uv_size": [2, 6]},
								"east": {"uv": [6, 19], "uv_size": [4, 6]},
								"south": {"uv": [14, 19], "uv_size": [2, 6]},
								"west": {"uv": [5, 19], "uv_size": [6, 6]},
								"up": {"uv": [16, 5], "uv_size": [2, 6]},
								"down": {"uv": [16, 11], "uv_size": [2, -6]}
							}
						},
						{
							"origin": [2, 0, 2],
							"size": [5, 9, 5],
							"uv": {
								"north": {"uv": [11, 16], "uv_size": [5, 9]},
								"east": {"uv": [0, 16], "uv_size": [5, 9]},
								"south": {"uv": [0, 16], "uv_size": [5, 9]},
								"west": {"uv": [11, 16], "uv_size": [5, 9]},
								"up": {"uv": [27, 0], "uv_size": [5, 5]},
								"down": {"uv": [27, 5], "uv_size": [5, -5]}
							}
						},
						{
							"origin": [-3, 0, 3],
							"size": [6, 1, 3],
							"uv": {
								"north": {"uv": [5, 16], "uv_size": [6, 9]},
								"east": {"uv": [2, 16], "uv_size": [3, 9]},
								"south": {"uv": [5, 16], "uv_size": [6, 9]},
								"west": {"uv": [11, 16], "uv_size": [3, 9]},
								"up": {"uv": [21, 2], "uv_size": [6, 3]},
								"down": {"uv": [21, 5], "uv_size": [6, -3]}
							}
						},
						{
							"origin": [-2, 0, 5],
							"size": [4, 6, 2],
							"uv": {
								"north": {"uv": [5, 19], "uv_size": [6, 6]},
								"east": {"uv": [0, 19], "uv_size": [2, 6]},
								"south": {"uv": [5, 19], "uv_size": [6, 6]},
								"west": {"uv": [14, 19], "uv_size": [2, 6]},
								"up": {"uv": [21, 0], "uv_size": [6, 2]},
								"down": {"uv": [21, 2], "uv_size": [6, -2]}
							}
						},
						{
							"origin": [-7, 0, 2],
							"size": [5, 9, 5],
							"uv": {
								"north": {"uv": [0, 16], "uv_size": [5, 9]},
								"east": {"uv": [0, 16], "uv_size": [5, 9]},
								"south": {"uv": [11, 16], "uv_size": [5, 9]},
								"west": {"uv": [11, 16], "uv_size": [5, 9]},
								"up": {"uv": [16, 0], "uv_size": [5, 5]},
								"down": {"uv": [16, 5], "uv_size": [5, -5]}
							}
						}
					]
				}
			]
		}
	]
}