{
	"format_version": "1.12.0",
	"minecraft:geometry": [
		{
			"description": {
				"identifier": "geometry.rift_rock - Converted",
				"texture_width": 64,
				"texture_height": 64,
				"visible_bounds_width": 3,
				"visible_bounds_height": 2.5,
				"visible_bounds_offset": [0, 0.75, 0]
			},
			"bones": [
				{
					"name": "bone",
					"pivot": [8, 0, -8],
					"cubes": [
						{
							"origin": [-8, 0, -8],
							"size": [16, 16, 16],
							"uv": {
								"north": {"uv": [0, 29], "uv_size": [16, 16]},
								"east": {"uv": [0, 29], "uv_size": [16, 16]},
								"south": {"uv": [0, 29], "uv_size": [16, 16]},
								"west": {"uv": [0, 29], "uv_size": [16, 16]},
								"up": {"uv": [16, 45], "uv_size": [-16, -16]},
								"down": {"uv": [16, 45], "uv_size": [-16, -16]}
							}
						}
					]
				},
				{
					"name": "bone2",
					"pivot": [-6, 4, -14],
					"cubes": [
						{
							"origin": [-7, 10, -10],
							"size": [2, 7, 2],
							"pivot": [-5, 10, -14],
							"rotation": [0, 0, 45],
							"uv": {
								"north": {"uv": [2, 2], "uv_size": [2, 7]},
								"east": {"uv": [2, 2], "uv_size": [-2, 7]},
								"south": {"uv": [7, 5], "uv_size": [2, 7]},
								"west": {"uv": [0, 2], "uv_size": [2, 7]},
								"up": {"uv": [2, 11], "uv_size": [-2, -2]},
								"down": {"uv": [2, 2], "uv_size": [-2, -2]}
							}
						},
						{
							"origin": [0, 2, -10],
							"size": [2, 3, 2],
							"pivot": [2, -2, -14],
							"rotation": [0, 0, 45],
							"uv": {
								"north": {"uv": [8, 11], "uv_size": [2, 3]},
								"east": {"uv": [8, 11], "uv_size": [-2, 3]},
								"south": {"uv": [10, 26], "uv_size": [2, 3]},
								"west": {"uv": [10, 16], "uv_size": [2, 3]},
								"up": {"uv": [8, 11], "uv_size": [-2, -2]},
								"down": {"uv": [10, 11], "uv_size": [-2, -2]}
							}
						},
						{
							"origin": [-4, 4, -10],
							"size": [5, 6, 2],
							"pivot": [-2, 3, -14],
							"rotation": [0, 0, 45],
							"uv": {
								"north": {"uv": [12, 8], "uv_size": [5, 6]},
								"east": {"uv": [12, 8], "uv_size": [-2, 6]},
								"south": {"uv": [18, 18], "uv_size": [5, 6]},
								"west": {"uv": [17, 8], "uv_size": [2, 6]},
								"up": {"uv": [17, 16], "uv_size": [-5, -2]},
								"down": {"uv": [17, 8], "uv_size": [-5, -2]}
							}
						},
						{
							"origin": [-4, 1, -11],
							"size": [4, 12, 3],
							"pivot": [0, 6, -14],
							"rotation": [0, 0, 45],
							"uv": {
								"north": {"uv": [0, 14], "uv_size": [4, 12]},
								"east": {"uv": [4, 14], "uv_size": [3, 12]},
								"south": {"uv": [0, 14], "uv_size": [4, 12]},
								"west": {"uv": [7, 14], "uv_size": [3, 12]},
								"up": {"uv": [4, 29], "uv_size": [-4, -3]},
								"down": {"uv": [4, 14], "uv_size": [-4, -3]}
							}
						},
						{
							"origin": [1, 9, -10],
							"size": [4, 4, 2],
							"pivot": [4, 9, -14],
							"rotation": [0, 0, 45],
							"uv": {
								"north": {"uv": [6, 2], "uv_size": [4, 4]},
								"east": {"uv": [12, 2], "uv_size": [-2, 4]},
								"south": {"uv": [6, 2], "uv_size": [4, 4]},
								"west": {"uv": [4, 2], "uv_size": [2, 4]},
								"up": {"uv": [10, 2], "uv_size": [-4, -2]},
								"down": {"uv": [10, 8], "uv_size": [-4, -2]}
							}
						},
						{
							"origin": [-9, 4, -10],
							"size": [4, 4, 2],
							"pivot": [-6, 4, -14],
							"rotation": [0, 0, 45],
							"uv": {
								"north": {"uv": [6, 2], "uv_size": [4, 4]},
								"east": {"uv": [6, 2], "uv_size": [-2, 4]},
								"south": {"uv": [6, 2], "uv_size": [4, 4]},
								"west": {"uv": [10, 2], "uv_size": [2, 4]},
								"up": {"uv": [10, 2], "uv_size": [-4, -2]},
								"down": {"uv": [10, 8], "uv_size": [-4, -2]}
							}
						}
					]
				},
				{
					"name": "bone3",
					"pivot": [0, 4, 0],
					"rotation": [0, -90, 0],
					"cubes": [
						{
							"origin": [-7, 10, -10],
							"size": [2, 7, 2],
							"pivot": [-5, 10, -14],
							"rotation": [0, 0, 45],
							"uv": {
								"north": {"uv": [2, 2], "uv_size": [2, 7]},
								"east": {"uv": [2, 2], "uv_size": [-2, 7]},
								"south": {"uv": [7, 5], "uv_size": [2, 7]},
								"west": {"uv": [0, 2], "uv_size": [2, 7]},
								"up": {"uv": [2, 11], "uv_size": [-2, -2]},
								"down": {"uv": [2, 2], "uv_size": [-2, -2]}
							}
						},
						{
							"origin": [0, 2, -10],
							"size": [2, 3, 2],
							"pivot": [2, -2, -14],
							"rotation": [0, 0, 45],
							"uv": {
								"north": {"uv": [8, 11], "uv_size": [2, 3]},
								"east": {"uv": [8, 11], "uv_size": [-2, 3]},
								"south": {"uv": [10, 26], "uv_size": [2, 3]},
								"west": {"uv": [10, 16], "uv_size": [2, 3]},
								"up": {"uv": [8, 11], "uv_size": [-2, -2]},
								"down": {"uv": [10, 11], "uv_size": [-2, -2]}
							}
						},
						{
							"origin": [-4, 4, -10],
							"size": [5, 6, 2],
							"pivot": [-2, 3, -14],
							"rotation": [0, 0, 45],
							"uv": {
								"north": {"uv": [12, 8], "uv_size": [5, 6]},
								"east": {"uv": [12, 8], "uv_size": [-2, 6]},
								"south": {"uv": [18, 18], "uv_size": [5, 6]},
								"west": {"uv": [17, 8], "uv_size": [2, 6]},
								"up": {"uv": [17, 16], "uv_size": [-5, -2]},
								"down": {"uv": [17, 8], "uv_size": [-5, -2]}
							}
						},
						{
							"origin": [-4, 1, -11],
							"size": [4, 12, 3],
							"pivot": [0, 6, -14],
							"rotation": [0, 0, 45],
							"uv": {
								"north": {"uv": [0, 14], "uv_size": [4, 12]},
								"east": {"uv": [4, 14], "uv_size": [3, 12]},
								"south": {"uv": [0, 14], "uv_size": [4, 12]},
								"west": {"uv": [7, 14], "uv_size": [3, 12]},
								"up": {"uv": [4, 29], "uv_size": [-4, -3]},
								"down": {"uv": [4, 14], "uv_size": [-4, -3]}
							}
						},
						{
							"origin": [1, 9, -10],
							"size": [4, 4, 2],
							"pivot": [4, 9, -14],
							"rotation": [0, 0, 45],
							"uv": {
								"north": {"uv": [6, 2], "uv_size": [4, 4]},
								"east": {"uv": [12, 2], "uv_size": [-2, 4]},
								"south": {"uv": [6, 2], "uv_size": [4, 4]},
								"west": {"uv": [4, 2], "uv_size": [2, 4]},
								"up": {"uv": [10, 2], "uv_size": [-4, -2]},
								"down": {"uv": [10, 8], "uv_size": [-4, -2]}
							}
						},
						{
							"origin": [-9, 4, -10],
							"size": [4, 4, 2],
							"pivot": [-6, 4, -14],
							"rotation": [0, 0, 45],
							"uv": {
								"north": {"uv": [6, 2], "uv_size": [4, 4]},
								"east": {"uv": [6, 2], "uv_size": [-2, 4]},
								"south": {"uv": [6, 2], "uv_size": [4, 4]},
								"west": {"uv": [10, 2], "uv_size": [2, 4]},
								"up": {"uv": [10, 2], "uv_size": [-4, -2]},
								"down": {"uv": [10, 8], "uv_size": [-4, -2]}
							}
						}
					]
				},
				{
					"name": "bone4",
					"pivot": [0, 4, 0],
					"rotation": [0, 180, 0],
					"cubes": [
						{
							"origin": [-7, 10, -10],
							"size": [2, 7, 2],
							"pivot": [-5, 10, -14],
							"rotation": [0, 0, 45],
							"uv": {
								"north": {"uv": [2, 2], "uv_size": [2, 7]},
								"east": {"uv": [2, 2], "uv_size": [-2, 7]},
								"south": {"uv": [7, 5], "uv_size": [2, 7]},
								"west": {"uv": [0, 2], "uv_size": [2, 7]},
								"up": {"uv": [2, 11], "uv_size": [-2, -2]},
								"down": {"uv": [2, 2], "uv_size": [-2, -2]}
							}
						},
						{
							"origin": [0, 2, -10],
							"size": [2, 3, 2],
							"pivot": [2, -2, -14],
							"rotation": [0, 0, 45],
							"uv": {
								"north": {"uv": [8, 11], "uv_size": [2, 3]},
								"east": {"uv": [8, 11], "uv_size": [-2, 3]},
								"south": {"uv": [10, 26], "uv_size": [2, 3]},
								"west": {"uv": [10, 16], "uv_size": [2, 3]},
								"up": {"uv": [8, 11], "uv_size": [-2, -2]},
								"down": {"uv": [10, 11], "uv_size": [-2, -2]}
							}
						},
						{
							"origin": [-4, 4, -10],
							"size": [5, 6, 2],
							"pivot": [-2, 3, -14],
							"rotation": [0, 0, 45],
							"uv": {
								"north": {"uv": [12, 8], "uv_size": [5, 6]},
								"east": {"uv": [12, 8], "uv_size": [-2, 6]},
								"south": {"uv": [18, 18], "uv_size": [5, 6]},
								"west": {"uv": [17, 8], "uv_size": [2, 6]},
								"up": {"uv": [17, 16], "uv_size": [-5, -2]},
								"down": {"uv": [17, 8], "uv_size": [-5, -2]}
							}
						},
						{
							"origin": [-4, 1, -11],
							"size": [4, 12, 3],
							"pivot": [0, 6, -14],
							"rotation": [0, 0, 45],
							"uv": {
								"north": {"uv": [0, 14], "uv_size": [4, 12]},
								"east": {"uv": [4, 14], "uv_size": [3, 12]},
								"south": {"uv": [0, 14], "uv_size": [4, 12]},
								"west": {"uv": [7, 14], "uv_size": [3, 12]},
								"up": {"uv": [4, 29], "uv_size": [-4, -3]},
								"down": {"uv": [4, 14], "uv_size": [-4, -3]}
							}
						},
						{
							"origin": [1, 9, -10],
							"size": [4, 4, 2],
							"pivot": [4, 9, -14],
							"rotation": [0, 0, 45],
							"uv": {
								"north": {"uv": [6, 2], "uv_size": [4, 4]},
								"east": {"uv": [12, 2], "uv_size": [-2, 4]},
								"south": {"uv": [6, 2], "uv_size": [4, 4]},
								"west": {"uv": [4, 2], "uv_size": [2, 4]},
								"up": {"uv": [10, 2], "uv_size": [-4, -2]},
								"down": {"uv": [10, 8], "uv_size": [-4, -2]}
							}
						},
						{
							"origin": [-9, 4, -10],
							"size": [4, 4, 2],
							"pivot": [-6, 4, -14],
							"rotation": [0, 0, 45],
							"uv": {
								"north": {"uv": [6, 2], "uv_size": [4, 4]},
								"east": {"uv": [6, 2], "uv_size": [-2, 4]},
								"south": {"uv": [6, 2], "uv_size": [4, 4]},
								"west": {"uv": [10, 2], "uv_size": [2, 4]},
								"up": {"uv": [10, 2], "uv_size": [-4, -2]},
								"down": {"uv": [10, 8], "uv_size": [-4, -2]}
							}
						}
					]
				},
				{
					"name": "bone5",
					"pivot": [0, 4, 0],
					"rotation": [0, 90, 0],
					"cubes": [
						{
							"origin": [-7, 10, -10],
							"size": [2, 7, 2],
							"pivot": [-5, 10, -14],
							"rotation": [0, 0, 45],
							"uv": {
								"north": {"uv": [2, 2], "uv_size": [2, 7]},
								"east": {"uv": [2, 2], "uv_size": [-2, 7]},
								"south": {"uv": [7, 5], "uv_size": [2, 7]},
								"west": {"uv": [0, 2], "uv_size": [2, 7]},
								"up": {"uv": [2, 11], "uv_size": [-2, -2]},
								"down": {"uv": [2, 2], "uv_size": [-2, -2]}
							}
						},
						{
							"origin": [0, 2, -10],
							"size": [2, 3, 2],
							"pivot": [2, -2, -14],
							"rotation": [0, 0, 45],
							"uv": {
								"north": {"uv": [8, 11], "uv_size": [2, 3]},
								"east": {"uv": [8, 11], "uv_size": [-2, 3]},
								"south": {"uv": [10, 26], "uv_size": [2, 3]},
								"west": {"uv": [10, 16], "uv_size": [2, 3]},
								"up": {"uv": [8, 11], "uv_size": [-2, -2]},
								"down": {"uv": [10, 11], "uv_size": [-2, -2]}
							}
						},
						{
							"origin": [-4, 4, -10],
							"size": [5, 6, 2],
							"pivot": [-2, 3, -14],
							"rotation": [0, 0, 45],
							"uv": {
								"north": {"uv": [12, 8], "uv_size": [5, 6]},
								"east": {"uv": [12, 8], "uv_size": [-2, 6]},
								"south": {"uv": [18, 18], "uv_size": [5, 6]},
								"west": {"uv": [17, 8], "uv_size": [2, 6]},
								"up": {"uv": [17, 16], "uv_size": [-5, -2]},
								"down": {"uv": [17, 8], "uv_size": [-5, -2]}
							}
						},
						{
							"origin": [-4, 1, -11],
							"size": [4, 12, 3],
							"pivot": [0, 6, -14],
							"rotation": [0, 0, 45],
							"uv": {
								"north": {"uv": [0, 14], "uv_size": [4, 12]},
								"east": {"uv": [4, 14], "uv_size": [3, 12]},
								"south": {"uv": [0, 14], "uv_size": [4, 12]},
								"west": {"uv": [7, 14], "uv_size": [3, 12]},
								"up": {"uv": [4, 29], "uv_size": [-4, -3]},
								"down": {"uv": [4, 14], "uv_size": [-4, -3]}
							}
						},
						{
							"origin": [1, 9, -10],
							"size": [4, 4, 2],
							"pivot": [4, 9, -14],
							"rotation": [0, 0, 45],
							"uv": {
								"north": {"uv": [6, 2], "uv_size": [4, 4]},
								"east": {"uv": [12, 2], "uv_size": [-2, 4]},
								"south": {"uv": [6, 2], "uv_size": [4, 4]},
								"west": {"uv": [4, 2], "uv_size": [2, 4]},
								"up": {"uv": [10, 2], "uv_size": [-4, -2]},
								"down": {"uv": [10, 8], "uv_size": [-4, -2]}
							}
						},
						{
							"origin": [-9, 4, -10],
							"size": [4, 4, 2],
							"pivot": [-6, 4, -14],
							"rotation": [0, 0, 45],
							"uv": {
								"north": {"uv": [6, 2], "uv_size": [4, 4]},
								"east": {"uv": [6, 2], "uv_size": [-2, 4]},
								"south": {"uv": [6, 2], "uv_size": [4, 4]},
								"west": {"uv": [10, 2], "uv_size": [2, 4]},
								"up": {"uv": [10, 2], "uv_size": [-4, -2]},
								"down": {"uv": [10, 8], "uv_size": [-4, -2]}
							}
						}
					]
				},
				{
					"name": "bone6",
					"pivot": [0, 8, 0],
					"rotation": [-90, 90, 0],
					"cubes": [
						{
							"origin": [-7, 10, -10],
							"size": [2, 7, 2],
							"pivot": [-5, 10, -14],
							"rotation": [0, 0, 45],
							"uv": {
								"north": {"uv": [2, 2], "uv_size": [2, 7]},
								"east": {"uv": [2, 2], "uv_size": [-2, 7]},
								"south": {"uv": [7, 5], "uv_size": [2, 7]},
								"west": {"uv": [0, 2], "uv_size": [2, 7]},
								"up": {"uv": [2, 11], "uv_size": [-2, -2]},
								"down": {"uv": [2, 2], "uv_size": [-2, -2]}
							}
						},
						{
							"origin": [0, 2, -10],
							"size": [2, 3, 2],
							"pivot": [2, -2, -14],
							"rotation": [0, 0, 45],
							"uv": {
								"north": {"uv": [8, 11], "uv_size": [2, 3]},
								"east": {"uv": [8, 11], "uv_size": [-2, 3]},
								"south": {"uv": [10, 26], "uv_size": [2, 3]},
								"west": {"uv": [10, 16], "uv_size": [2, 3]},
								"up": {"uv": [8, 11], "uv_size": [-2, -2]},
								"down": {"uv": [10, 11], "uv_size": [-2, -2]}
							}
						},
						{
							"origin": [-4, 4, -10],
							"size": [5, 6, 2],
							"pivot": [-2, 3, -14],
							"rotation": [0, 0, 45],
							"uv": {
								"north": {"uv": [12, 8], "uv_size": [5, 6]},
								"east": {"uv": [12, 8], "uv_size": [-2, 6]},
								"south": {"uv": [18, 18], "uv_size": [5, 6]},
								"west": {"uv": [17, 8], "uv_size": [2, 6]},
								"up": {"uv": [17, 16], "uv_size": [-5, -2]},
								"down": {"uv": [17, 8], "uv_size": [-5, -2]}
							}
						},
						{
							"origin": [-4, 1, -11],
							"size": [4, 12, 3],
							"pivot": [0, 6, -14],
							"rotation": [0, 0, 45],
							"uv": {
								"north": {"uv": [0, 14], "uv_size": [4, 12]},
								"east": {"uv": [4, 14], "uv_size": [3, 12]},
								"south": {"uv": [0, 14], "uv_size": [4, 12]},
								"west": {"uv": [7, 14], "uv_size": [3, 12]},
								"up": {"uv": [4, 29], "uv_size": [-4, -3]},
								"down": {"uv": [4, 14], "uv_size": [-4, -3]}
							}
						},
						{
							"origin": [1, 9, -10],
							"size": [4, 4, 2],
							"pivot": [4, 9, -14],
							"rotation": [0, 0, 45],
							"uv": {
								"north": {"uv": [6, 2], "uv_size": [4, 4]},
								"east": {"uv": [12, 2], "uv_size": [-2, 4]},
								"south": {"uv": [6, 2], "uv_size": [4, 4]},
								"west": {"uv": [4, 2], "uv_size": [2, 4]},
								"up": {"uv": [10, 2], "uv_size": [-4, -2]},
								"down": {"uv": [10, 8], "uv_size": [-4, -2]}
							}
						},
						{
							"origin": [-9, 4, -10],
							"size": [4, 4, 2],
							"pivot": [-6, 4, -14],
							"rotation": [0, 0, 45],
							"uv": {
								"north": {"uv": [6, 2], "uv_size": [4, 4]},
								"east": {"uv": [6, 2], "uv_size": [-2, 4]},
								"south": {"uv": [6, 2], "uv_size": [4, 4]},
								"west": {"uv": [10, 2], "uv_size": [2, 4]},
								"up": {"uv": [10, 2], "uv_size": [-4, -2]},
								"down": {"uv": [10, 8], "uv_size": [-4, -2]}
							}
						}
					]
				},
				{
					"name": "bone7",
					"pivot": [0, 8, 0],
					"rotation": [90, 90, 0],
					"cubes": [
						{
							"origin": [-7, 10, -10],
							"size": [2, 7, 2],
							"pivot": [-5, 10, -14],
							"rotation": [0, 0, 45],
							"uv": {
								"north": {"uv": [2, 2], "uv_size": [2, 7]},
								"east": {"uv": [2, 2], "uv_size": [-2, 7]},
								"south": {"uv": [7, 5], "uv_size": [2, 7]},
								"west": {"uv": [0, 2], "uv_size": [2, 7]},
								"up": {"uv": [2, 11], "uv_size": [-2, -2]},
								"down": {"uv": [2, 2], "uv_size": [-2, -2]}
							}
						},
						{
							"origin": [0, 2, -10],
							"size": [2, 3, 2],
							"pivot": [2, -2, -14],
							"rotation": [0, 0, 45],
							"uv": {
								"north": {"uv": [8, 11], "uv_size": [2, 3]},
								"east": {"uv": [8, 11], "uv_size": [-2, 3]},
								"south": {"uv": [10, 26], "uv_size": [2, 3]},
								"west": {"uv": [10, 16], "uv_size": [2, 3]},
								"up": {"uv": [8, 11], "uv_size": [-2, -2]},
								"down": {"uv": [10, 11], "uv_size": [-2, -2]}
							}
						},
						{
							"origin": [-4, 4, -10],
							"size": [5, 6, 2],
							"pivot": [-2, 3, -14],
							"rotation": [0, 0, 45],
							"uv": {
								"north": {"uv": [12, 8], "uv_size": [5, 6]},
								"east": {"uv": [12, 8], "uv_size": [-2, 6]},
								"south": {"uv": [18, 18], "uv_size": [5, 6]},
								"west": {"uv": [17, 8], "uv_size": [2, 6]},
								"up": {"uv": [17, 16], "uv_size": [-5, -2]},
								"down": {"uv": [17, 8], "uv_size": [-5, -2]}
							}
						},
						{
							"origin": [-4, 1, -11],
							"size": [4, 12, 3],
							"pivot": [0, 6, -14],
							"rotation": [0, 0, 45],
							"uv": {
								"north": {"uv": [0, 14], "uv_size": [4, 12]},
								"east": {"uv": [4, 14], "uv_size": [3, 12]},
								"south": {"uv": [0, 14], "uv_size": [4, 12]},
								"west": {"uv": [7, 14], "uv_size": [3, 12]},
								"up": {"uv": [4, 29], "uv_size": [-4, -3]},
								"down": {"uv": [4, 14], "uv_size": [-4, -3]}
							}
						},
						{
							"origin": [1, 9, -10],
							"size": [4, 4, 2],
							"pivot": [4, 9, -14],
							"rotation": [0, 0, 45],
							"uv": {
								"north": {"uv": [6, 2], "uv_size": [4, 4]},
								"east": {"uv": [12, 2], "uv_size": [-2, 4]},
								"south": {"uv": [6, 2], "uv_size": [4, 4]},
								"west": {"uv": [4, 2], "uv_size": [2, 4]},
								"up": {"uv": [10, 2], "uv_size": [-4, -2]},
								"down": {"uv": [10, 8], "uv_size": [-4, -2]}
							}
						},
						{
							"origin": [-9, 4, -10],
							"size": [4, 4, 2],
							"pivot": [-6, 4, -14],
							"rotation": [0, 0, 45],
							"uv": {
								"north": {"uv": [6, 2], "uv_size": [4, 4]},
								"east": {"uv": [6, 2], "uv_size": [-2, 4]},
								"south": {"uv": [6, 2], "uv_size": [4, 4]},
								"west": {"uv": [10, 2], "uv_size": [2, 4]},
								"up": {"uv": [10, 2], "uv_size": [-4, -2]},
								"down": {"uv": [10, 8], "uv_size": [-4, -2]}
							}
						}
					]
				}
			]
		}
	]
}