{
	"format_version": "1.12.0",
	"minecraft:geometry": [
		{
			"description": {
				"identifier": "geometry.unknown",
				"texture_width": 64,
				"texture_height": 64,
				"visible_bounds_width": 3,
				"visible_bounds_height": 4.5,
				"visible_bounds_offset": [0, 1.75, 0]
			},
			"bones": [
				{
					"name": "bb_main",
					"pivot": [0, 0, 0],
					"cubes": [
						{
							"origin": [-8, 0, -8],
							"size": [16, 7, 16],
							"uv": {
								"north": {"uv": [0, 5], "uv_size": [16, 7]},
								"east": {"uv": [16, 5], "uv_size": [-16, 7]},
								"south": {"uv": [0, 5], "uv_size": [16, 7]},
								"west": {"uv": [16, 5], "uv_size": [-16, 7]},
								"up": {"uv": [0, 12], "uv_size": [16, 16]},
								"down": {"uv": [0, 28], "uv_size": [16, -16]}
							}
						},
						{
							"origin": [-3, 7, -7],
							"size": [10, 5, 4],
							"uv": {
								"north": {"uv": [11, 0], "uv_size": [-10, 5]},
								"east": {"uv": [5, 0], "uv_size": [-4, 5]},
								"south": {"uv": [1, 0], "uv_size": [10, 5]},
								"west": {"uv": [1, 0], "uv_size": [4, 5]},
								"up": {"uv": [41, 4], "uv_size": [-10, -4]},
								"down": {"uv": [31, 4], "uv_size": [10, -4]}
							}
						},
						{
							"origin": [-3, 7, 5],
							"size": [10, 5, 4],
							"pivot": [6, 7, 6],
							"rotation": [0, -90, 0],
							"uv": {
								"north": {"uv": [11, 0], "uv_size": [-10, 5]},
								"east": {"uv": [5, 0], "uv_size": [-4, 5]},
								"south": {"uv": [1, 0], "uv_size": [10, 5]},
								"west": {"uv": [1, 0], "uv_size": [4, 5]},
								"up": {"uv": [41, 4], "uv_size": [-10, -4]},
								"down": {"uv": [31, 4], "uv_size": [10, -4]}
							}
						},
						{
							"origin": [-15, 7, 5],
							"size": [10, 5, 4],
							"pivot": [-6, 7, 6],
							"rotation": [0, 180, 0],
							"uv": {
								"north": {"uv": [11, 0], "uv_size": [-10, 5]},
								"east": {"uv": [5, 0], "uv_size": [-4, 5]},
								"south": {"uv": [1, 0], "uv_size": [10, 5]},
								"west": {"uv": [1, 0], "uv_size": [4, 5]},
								"up": {"uv": [41, 4], "uv_size": [-10, -4]},
								"down": {"uv": [31, 4], "uv_size": [10, -4]}
							}
						},
						{
							"origin": [-15, 7, -7],
							"size": [10, 5, 4],
							"pivot": [-6, 7, -6],
							"rotation": [0, 90, 0],
							"uv": {
								"north": {"uv": [11, 0], "uv_size": [-10, 5]},
								"east": {"uv": [5, 0], "uv_size": [-4, 5]},
								"south": {"uv": [1, 0], "uv_size": [10, 5]},
								"west": {"uv": [1, 0], "uv_size": [4, 5]},
								"up": {"uv": [41, 4], "uv_size": [-10, -4]},
								"down": {"uv": [31, 4], "uv_size": [10, -4]}
							}
						}
					]
				},
				{
					"name": "bone17",
					"pivot": [0, 17.5, -3.25]
				},
				{
					"name": "bone16",
					"parent": "bone17",
					"pivot": [0, 22.5, 0]
				},
				{
					"name": "bone15",
					"parent": "bone17",
					"pivot": [0, 12.5, -6.5],
					"rotation": [-90, 0, 0],
					"cubes": [
						{
							"origin": [-5.5, 18.6, -8.5],
							"size": [1, 0.8, 4],
							"pivot": [0, 19, -6.5],
							"rotation": [-90, 0, -120],
							"uv": {
								"north": {"uv": [20, 13], "uv_size": [1, 0.8]},
								"east": {"uv": [21, 13], "uv_size": [4, 0.8]},
								"south": {"uv": [20, 4], "uv_size": [1, 0.8]},
								"west": {"uv": [21, 13], "uv_size": [4, 0.8]},
								"up": {"uv": [20, 9], "uv_size": [-1, -4]},
								"down": {"uv": [20, 10], "uv_size": [-1, -4]}
							}
						},
						{
							"origin": [-5.5, 18.6, -8.5],
							"size": [1, 0.8, 4],
							"pivot": [0, 19, -6.5],
							"rotation": [-90, 0, -60],
							"uv": {
								"north": {"uv": [20, 13], "uv_size": [1, 0.8]},
								"east": {"uv": [21, 13], "uv_size": [4, 0.8]},
								"south": {"uv": [20, 4], "uv_size": [1, 0.8]},
								"west": {"uv": [21, 13], "uv_size": [4, 0.8]},
								"up": {"uv": [20, 9], "uv_size": [-1, -4]},
								"down": {"uv": [20, 10], "uv_size": [-1, -4]}
							}
						},
						{
							"origin": [-5.5, 18.6, -8.5],
							"size": [1, 0.8, 4],
							"pivot": [0, 19, -6.5],
							"rotation": [-90, 0, 120],
							"uv": {
								"north": {"uv": [20, 13], "uv_size": [1, 0.8]},
								"east": {"uv": [21, 13], "uv_size": [4, 0.8]},
								"south": {"uv": [20, 4], "uv_size": [1, 0.8]},
								"west": {"uv": [21, 13], "uv_size": [4, 0.8]},
								"up": {"uv": [20, 9], "uv_size": [-1, -4]},
								"down": {"uv": [20, 10], "uv_size": [-1, -4]}
							}
						},
						{
							"origin": [-5.5, 18.6, -8.5],
							"size": [1, 0.8, 4],
							"pivot": [0, 19, -6.5],
							"rotation": [-90, 0, -180],
							"uv": {
								"north": {"uv": [20, 13], "uv_size": [1, 0.8]},
								"east": {"uv": [21, 13], "uv_size": [4, 0.8]},
								"south": {"uv": [20, 4], "uv_size": [1, 0.8]},
								"west": {"uv": [21, 13], "uv_size": [4, 0.8]},
								"up": {"uv": [20, 9], "uv_size": [-1, -4]},
								"down": {"uv": [20, 10], "uv_size": [-1, -4]}
							}
						},
						{
							"origin": [-5.5, 18.6, -8.5],
							"size": [1, 0.8, 4],
							"pivot": [0, 19, -6.5],
							"rotation": [-90, 0, 60],
							"uv": {
								"north": {"uv": [20, 13], "uv_size": [1, 0.8]},
								"east": {"uv": [21, 13], "uv_size": [4, 0.8]},
								"south": {"uv": [20, 4], "uv_size": [1, 0.8]},
								"west": {"uv": [21, 13], "uv_size": [4, 0.8]},
								"up": {"uv": [20, 9], "uv_size": [-1, -4]},
								"down": {"uv": [20, 10], "uv_size": [-1, -4]}
							}
						},
						{
							"origin": [-5.5, 18.6, -8.5],
							"size": [1, 0.8, 4],
							"pivot": [0, 19, -6.5],
							"rotation": [-90, 0, 0],
							"uv": {
								"north": {"uv": [20, 13], "uv_size": [1, 0.8]},
								"east": {"uv": [21, 13], "uv_size": [4, 0.8]},
								"south": {"uv": [20, 4], "uv_size": [1, 0.8]},
								"west": {"uv": [21, 13], "uv_size": [4, 0.8]},
								"up": {"uv": [20, 9], "uv_size": [-1, -4]},
								"down": {"uv": [20, 10], "uv_size": [-1, -4]}
							}
						}
					]
				},
				{
					"name": "bone",
					"parent": "bone15",
					"pivot": [0, 6, -6.5],
					"cubes": [
						{
							"origin": [-6.09619, 18.5, -12.59619],
							"size": [3, 1, 3],
							"pivot": [0, 19, -6.5],
							"rotation": [-90, 0, 45],
							"uv": {
								"north": {"uv": [22, 13], "uv_size": [3, 1]},
								"east": {"uv": [23, 14], "uv_size": [3, -1]},
								"south": {"uv": [22, 14], "uv_size": [3, -1]},
								"west": {"uv": [23, 13], "uv_size": [3, 1]},
								"up": {"uv": [21, 14], "uv_size": [-3, -3]},
								"down": {"uv": [30, 14], "uv_size": [-3, -3]}
							}
						}
					]
				},
				{
					"name": "bone10",
					"parent": "bone15",
					"pivot": [0, 6, -6.5],
					"rotation": [0, -60, 0],
					"cubes": [
						{
							"origin": [-10.92582, 13.5, -11.3021],
							"size": [3, 1, 3],
							"pivot": [0, 14, -6.5],
							"rotation": [-30.86748, -12.95254, 97.63074],
							"uv": {
								"north": {"uv": [22, 13], "uv_size": [3, 1]},
								"east": {"uv": [23, 14], "uv_size": [3, -1]},
								"south": {"uv": [22, 14], "uv_size": [3, -1]},
								"west": {"uv": [23, 13], "uv_size": [3, 1]},
								"up": {"uv": [21, 14], "uv_size": [-3, -3]},
								"down": {"uv": [30, 14], "uv_size": [-3, -3]}
							}
						}
					]
				},
				{
					"name": "bone11",
					"parent": "bone15",
					"pivot": [0, 6, -6.5],
					"rotation": [0, -120, 0],
					"cubes": [
						{
							"origin": [-7.39029, 13.5, -7.76656],
							"size": [3, 1, 3],
							"pivot": [0, 14, -6.5],
							"rotation": [65.85389, -56.77406, 28.18679],
							"uv": {
								"north": {"uv": [22, 13], "uv_size": [3, 1]},
								"east": {"uv": [23, 14], "uv_size": [3, -1]},
								"south": {"uv": [22, 14], "uv_size": [3, -1]},
								"west": {"uv": [23, 13], "uv_size": [3, 1]},
								"up": {"uv": [21, 14], "uv_size": [-3, -3]},
								"down": {"uv": [30, 14], "uv_size": [-3, -3]}
							}
						}
					]
				},
				{
					"name": "bone12",
					"parent": "bone15",
					"pivot": [0, 6, -6.5],
					"rotation": [0, 180, 0],
					"cubes": [
						{
							"origin": [-2.56066, 13.5, -9.06066],
							"size": [3, 1, 3],
							"pivot": [0, 14, -6.5],
							"rotation": [90, 0, -45],
							"uv": {
								"north": {"uv": [22, 13], "uv_size": [3, 1]},
								"east": {"uv": [23, 14], "uv_size": [3, -1]},
								"south": {"uv": [22, 14], "uv_size": [3, -1]},
								"west": {"uv": [23, 13], "uv_size": [3, 1]},
								"up": {"uv": [21, 14], "uv_size": [-3, -3]},
								"down": {"uv": [30, 14], "uv_size": [-3, -3]}
							}
						}
					]
				},
				{
					"name": "bone13",
					"parent": "bone15",
					"pivot": [0, 6, -6.5],
					"rotation": [0, 60, 0],
					"cubes": [
						{
							"origin": [-4.8021, 13.5, -17.42582],
							"size": [3, 1, 3],
							"pivot": [0, 14, -6.5],
							"rotation": [-65.85389, -56.77406, -28.18679],
							"uv": {
								"north": {"uv": [22, 13], "uv_size": [3, 1]},
								"east": {"uv": [23, 14], "uv_size": [3, -1]},
								"south": {"uv": [22, 14], "uv_size": [3, -1]},
								"west": {"uv": [23, 13], "uv_size": [3, 1]},
								"up": {"uv": [21, 14], "uv_size": [-3, -3]},
								"down": {"uv": [30, 14], "uv_size": [-3, -3]}
							}
						}
					]
				},
				{
					"name": "bone14",
					"parent": "bone15",
					"pivot": [0, 6, -6.5],
					"rotation": [0, 120, 0],
					"cubes": [
						{
							"origin": [-1.26656, 13.5, -13.89029],
							"size": [3, 1, 3],
							"pivot": [0, 14, -6.5],
							"rotation": [30.86748, -12.95254, -97.63074],
							"uv": {
								"north": {"uv": [22, 13], "uv_size": [3, 1]},
								"east": {"uv": [23, 14], "uv_size": [3, -1]},
								"south": {"uv": [22, 14], "uv_size": [3, -1]},
								"west": {"uv": [23, 13], "uv_size": [3, 1]},
								"up": {"uv": [21, 14], "uv_size": [-3, -3]},
								"down": {"uv": [30, 14], "uv_size": [-3, -3]}
							}
						}
					]
				},
				{
					"name": "bone29",
					"pivot": [-0.03648, 34.28942, -0.32571]
				},
				{
					"name": "bone31",
					"pivot": [0, 12.5, -6.5],
					"rotation": [-90, 0, 0],
					"cubes": [
						{
							"origin": [-5.5, 18.6, -8.5],
							"size": [1, 0.8, 4],
							"pivot": [0, 19, -6.5],
							"rotation": [-90, 0, -120],
							"uv": {
								"north": {"uv": [20, 13], "uv_size": [1, 0.8]},
								"east": {"uv": [21, 13], "uv_size": [4, 0.8]},
								"south": {"uv": [20, 4], "uv_size": [1, 0.8]},
								"west": {"uv": [21, 13], "uv_size": [4, 0.8]},
								"up": {"uv": [20, 9], "uv_size": [-1, -4]},
								"down": {"uv": [20, 10], "uv_size": [-1, -4]}
							}
						},
						{
							"origin": [-5.5, 18.6, -8.5],
							"size": [1, 0.8, 4],
							"pivot": [0, 19, -6.5],
							"rotation": [-90, 0, -60],
							"uv": {
								"north": {"uv": [20, 13], "uv_size": [1, 0.8]},
								"east": {"uv": [21, 13], "uv_size": [4, 0.8]},
								"south": {"uv": [20, 4], "uv_size": [1, 0.8]},
								"west": {"uv": [21, 13], "uv_size": [4, 0.8]},
								"up": {"uv": [20, 9], "uv_size": [-1, -4]},
								"down": {"uv": [20, 10], "uv_size": [-1, -4]}
							}
						},
						{
							"origin": [-5.5, 18.6, -8.5],
							"size": [1, 0.8, 4],
							"pivot": [0, 19, -6.5],
							"rotation": [-90, 0, 120],
							"uv": {
								"north": {"uv": [20, 13], "uv_size": [1, 0.8]},
								"east": {"uv": [21, 13], "uv_size": [4, 0.8]},
								"south": {"uv": [20, 4], "uv_size": [1, 0.8]},
								"west": {"uv": [21, 13], "uv_size": [4, 0.8]},
								"up": {"uv": [20, 9], "uv_size": [-1, -4]},
								"down": {"uv": [20, 10], "uv_size": [-1, -4]}
							}
						},
						{
							"origin": [-5.5, 18.6, -8.5],
							"size": [1, 0.8, 4],
							"pivot": [0, 19, -6.5],
							"rotation": [-90, 0, -180],
							"uv": {
								"north": {"uv": [20, 13], "uv_size": [1, 0.8]},
								"east": {"uv": [21, 13], "uv_size": [4, 0.8]},
								"south": {"uv": [20, 4], "uv_size": [1, 0.8]},
								"west": {"uv": [21, 13], "uv_size": [4, 0.8]},
								"up": {"uv": [20, 9], "uv_size": [-1, -4]},
								"down": {"uv": [20, 10], "uv_size": [-1, -4]}
							}
						},
						{
							"origin": [-5.5, 18.6, -8.5],
							"size": [1, 0.8, 4],
							"pivot": [0, 19, -6.5],
							"rotation": [-90, 0, 60],
							"uv": {
								"north": {"uv": [20, 13], "uv_size": [1, 0.8]},
								"east": {"uv": [21, 13], "uv_size": [4, 0.8]},
								"south": {"uv": [20, 4], "uv_size": [1, 0.8]},
								"west": {"uv": [21, 13], "uv_size": [4, 0.8]},
								"up": {"uv": [20, 9], "uv_size": [-1, -4]},
								"down": {"uv": [20, 10], "uv_size": [-1, -4]}
							}
						},
						{
							"origin": [-5.5, 18.6, -8.5],
							"size": [1, 0.8, 4],
							"pivot": [0, 19, -6.5],
							"rotation": [-90, 0, 0],
							"uv": {
								"north": {"uv": [20, 13], "uv_size": [1, 0.8]},
								"east": {"uv": [21, 13], "uv_size": [4, 0.8]},
								"south": {"uv": [20, 4], "uv_size": [1, 0.8]},
								"west": {"uv": [21, 13], "uv_size": [4, 0.8]},
								"up": {"uv": [20, 9], "uv_size": [-1, -4]},
								"down": {"uv": [20, 10], "uv_size": [-1, -4]}
							}
						}
					]
				},
				{
					"name": "bone32",
					"parent": "bone31",
					"pivot": [0, 6, -6.5],
					"cubes": [
						{
							"origin": [-6.09619, 18.5, -12.59619],
							"size": [3, 1, 3],
							"pivot": [0, 19, -6.5],
							"rotation": [-90, 0, 45],
							"uv": {
								"north": {"uv": [22, 13], "uv_size": [3, 1]},
								"east": {"uv": [23, 14], "uv_size": [3, -1]},
								"south": {"uv": [22, 14], "uv_size": [3, -1]},
								"west": {"uv": [23, 13], "uv_size": [3, 1]},
								"up": {"uv": [21, 14], "uv_size": [-3, -3]},
								"down": {"uv": [30, 14], "uv_size": [-3, -3]}
							}
						}
					]
				},
				{
					"name": "bone33",
					"parent": "bone31",
					"pivot": [0, 6, -6.5],
					"rotation": [0, -60, 0],
					"cubes": [
						{
							"origin": [-10.92582, 13.5, -11.3021],
							"size": [3, 1, 3],
							"pivot": [0, 14, -6.5],
							"rotation": [-30.86748, -12.95254, 97.63074],
							"uv": {
								"north": {"uv": [22, 13], "uv_size": [3, 1]},
								"east": {"uv": [23, 14], "uv_size": [3, -1]},
								"south": {"uv": [22, 14], "uv_size": [3, -1]},
								"west": {"uv": [23, 13], "uv_size": [3, 1]},
								"up": {"uv": [21, 14], "uv_size": [-3, -3]},
								"down": {"uv": [30, 14], "uv_size": [-3, -3]}
							}
						}
					]
				},
				{
					"name": "bone34",
					"parent": "bone31",
					"pivot": [0, 6, -6.5],
					"rotation": [0, -120, 0],
					"cubes": [
						{
							"origin": [-7.39029, 13.5, -7.76656],
							"size": [3, 1, 3],
							"pivot": [0, 14, -6.5],
							"rotation": [65.85389, -56.77406, 28.18679],
							"uv": {
								"north": {"uv": [22, 13], "uv_size": [3, 1]},
								"east": {"uv": [23, 14], "uv_size": [3, -1]},
								"south": {"uv": [22, 14], "uv_size": [3, -1]},
								"west": {"uv": [23, 13], "uv_size": [3, 1]},
								"up": {"uv": [21, 14], "uv_size": [-3, -3]},
								"down": {"uv": [30, 14], "uv_size": [-3, -3]}
							}
						}
					]
				},
				{
					"name": "bone35",
					"parent": "bone31",
					"pivot": [0, 6, -6.5],
					"rotation": [0, 180, 0],
					"cubes": [
						{
							"origin": [-2.56066, 13.5, -9.06066],
							"size": [3, 1, 3],
							"pivot": [0, 14, -6.5],
							"rotation": [90, 0, -45],
							"uv": {
								"north": {"uv": [22, 13], "uv_size": [3, 1]},
								"east": {"uv": [23, 14], "uv_size": [3, -1]},
								"south": {"uv": [22, 14], "uv_size": [3, -1]},
								"west": {"uv": [23, 13], "uv_size": [3, 1]},
								"up": {"uv": [21, 14], "uv_size": [-3, -3]},
								"down": {"uv": [30, 14], "uv_size": [-3, -3]}
							}
						}
					]
				},
				{
					"name": "bone36",
					"parent": "bone31",
					"pivot": [0, 6, -6.5],
					"rotation": [0, 60, 0],
					"cubes": [
						{
							"origin": [-4.8021, 13.5, -17.42582],
							"size": [3, 1, 3],
							"pivot": [0, 14, -6.5],
							"rotation": [-65.85389, -56.77406, -28.18679],
							"uv": {
								"north": {"uv": [22, 13], "uv_size": [3, 1]},
								"east": {"uv": [23, 14], "uv_size": [3, -1]},
								"south": {"uv": [22, 14], "uv_size": [3, -1]},
								"west": {"uv": [23, 13], "uv_size": [3, 1]},
								"up": {"uv": [21, 14], "uv_size": [-3, -3]},
								"down": {"uv": [30, 14], "uv_size": [-3, -3]}
							}
						}
					]
				},
				{
					"name": "bone37",
					"parent": "bone31",
					"pivot": [0, 6, -6.5],
					"rotation": [0, 120, 0],
					"cubes": [
						{
							"origin": [-1.26656, 13.5, -13.89029],
							"size": [3, 1, 3],
							"pivot": [0, 14, -6.5],
							"rotation": [30.86748, -12.95254, -97.63074],
							"uv": {
								"north": {"uv": [22, 13], "uv_size": [3, 1]},
								"east": {"uv": [23, 14], "uv_size": [3, -1]},
								"south": {"uv": [22, 14], "uv_size": [3, -1]},
								"west": {"uv": [23, 13], "uv_size": [3, 1]},
								"up": {"uv": [21, 14], "uv_size": [-3, -3]},
								"down": {"uv": [30, 14], "uv_size": [-3, -3]}
							}
						}
					]
				},
				{
					"name": "bone8",
					"pivot": [0, 23, 0],
					"rotation": [0, -60, 0]
				},
				{
					"name": "bone5",
					"parent": "bone8",
					"pivot": [0, 22.88851, 0]
				},
				{
					"name": "bone3",
					"parent": "bone5",
					"pivot": [0, 23, 0],
					"rotation": [0, 0, 90],
					"cubes": [
						{
							"origin": [-5.5, 29.25, -1],
							"size": [3, 1, 3],
							"pivot": [-5.00898, 25.24102, -3.78047],
							"rotation": [0, -45, -90],
							"uv": {
								"north": {"uv": [22, 13], "uv_size": [3, 1]},
								"east": {"uv": [23, 14], "uv_size": [3, -1]},
								"south": {"uv": [22, 14], "uv_size": [3, -1]},
								"west": {"uv": [23, 13], "uv_size": [3, 1]},
								"up": {"uv": [21, 14], "uv_size": [-3, -3]},
								"down": {"uv": [30, 14], "uv_size": [-3, -3]}
							}
						},
						{
							"origin": [-11, 30, -0.25],
							"size": [6, 1, 6],
							"pivot": [-6.50898, 27.99102, -3.03047],
							"rotation": [0, -45, -90],
							"uv": {
								"north": {"uv": [38, 10], "uv_size": [3, 1]},
								"east": {"uv": [32, 12], "uv_size": [3, -2]},
								"south": {"uv": [33, 11], "uv_size": [3, -1]},
								"west": {"uv": [36, 11], "uv_size": [3, 1]},
								"up": {"uv": [7, 6], "uv_size": [-6, -6]},
								"down": {"uv": [7, 6], "uv_size": [-6, -6]}
							}
						},
						{
							"origin": [-10.85, 30, -0.25],
							"size": [4, 0.8, 4],
							"pivot": [-8.35898, 29.74102, -3.03047],
							"rotation": [0, -45, -90],
							"uv": {
								"north": {"uv": [22, 13], "uv_size": [3, 1]},
								"east": {"uv": [23, 14], "uv_size": [3, -1]},
								"south": {"uv": [22, 14], "uv_size": [3, -1]},
								"west": {"uv": [23, 13], "uv_size": [3, 1]},
								"up": {"uv": [21, 14], "uv_size": [-3, -3]},
								"down": {"uv": [30, 14], "uv_size": [-3, -3]}
							}
						},
						{
							"origin": [-4.6, 30, -0.25],
							"size": [4, 0.8, 4],
							"pivot": [-2.10898, 23.49102, -3.03047],
							"rotation": [0, -45, -90],
							"uv": {
								"north": {"uv": [22, 13], "uv_size": [3, 1]},
								"east": {"uv": [23, 14], "uv_size": [3, -1]},
								"south": {"uv": [22, 14], "uv_size": [3, -1]},
								"west": {"uv": [23, 13], "uv_size": [3, 1]},
								"up": {"uv": [21, 14], "uv_size": [-3, -3]},
								"down": {"uv": [30, 14], "uv_size": [-3, -3]}
							}
						}
					]
				},
				{
					"name": "bone6",
					"parent": "bone8",
					"pivot": [0, 23, 0],
					"rotation": [0, -120, 0]
				},
				{
					"name": "bone4",
					"parent": "bone6",
					"pivot": [0, 23, 0],
					"rotation": [0, 0, -90],
					"cubes": [
						{
							"origin": [-5.5, 29.25, -1],
							"size": [3, 1, 3],
							"pivot": [-5.00898, 25.24102, -3.78047],
							"rotation": [0, -45, -90],
							"uv": {
								"north": {"uv": [22, 13], "uv_size": [3, 1]},
								"east": {"uv": [23, 14], "uv_size": [3, -1]},
								"south": {"uv": [22, 14], "uv_size": [3, -1]},
								"west": {"uv": [23, 13], "uv_size": [3, 1]},
								"up": {"uv": [21, 14], "uv_size": [-3, -3]},
								"down": {"uv": [30, 14], "uv_size": [-3, -3]}
							}
						},
						{
							"origin": [-11, 30, -0.25],
							"size": [6, 1, 6],
							"pivot": [-6.50898, 27.99102, -3.03047],
							"rotation": [0, -45, -90],
							"uv": {
								"north": {"uv": [38, 10], "uv_size": [3, 1]},
								"east": {"uv": [32, 12], "uv_size": [3, -2]},
								"south": {"uv": [33, 11], "uv_size": [3, -1]},
								"west": {"uv": [36, 11], "uv_size": [3, 1]},
								"up": {"uv": [7, 6], "uv_size": [-6, -6]},
								"down": {"uv": [7, 6], "uv_size": [-6, -6]}
							}
						},
						{
							"origin": [-10.85, 30, -0.25],
							"size": [4, 0.8, 4],
							"pivot": [-8.35898, 29.74102, -3.03047],
							"rotation": [0, -45, -90],
							"uv": {
								"north": {"uv": [22, 13], "uv_size": [3, 1]},
								"east": {"uv": [23, 14], "uv_size": [3, -1]},
								"south": {"uv": [22, 14], "uv_size": [3, -1]},
								"west": {"uv": [23, 13], "uv_size": [3, 1]},
								"up": {"uv": [21, 14], "uv_size": [-3, -3]},
								"down": {"uv": [30, 14], "uv_size": [-3, -3]}
							}
						},
						{
							"origin": [-4.6, 30, -0.25],
							"size": [4, 0.8, 4],
							"pivot": [-2.10898, 23.49102, -3.03047],
							"rotation": [0, -45, -90],
							"uv": {
								"north": {"uv": [22, 13], "uv_size": [3, 1]},
								"east": {"uv": [23, 14], "uv_size": [3, -1]},
								"south": {"uv": [22, 14], "uv_size": [3, -1]},
								"west": {"uv": [23, 13], "uv_size": [3, 1]},
								"up": {"uv": [21, 14], "uv_size": [-3, -3]},
								"down": {"uv": [30, 14], "uv_size": [-3, -3]}
							}
						}
					]
				},
				{
					"name": "bone7",
					"parent": "bone8",
					"pivot": [0, 22.88851, 0],
					"rotation": [0, 120, 0]
				},
				{
					"name": "bone2",
					"parent": "bone7",
					"pivot": [0, 22.88851, 0],
					"cubes": [
						{
							"origin": [-5.5, 29.25, -1],
							"size": [3, 1, 3],
							"pivot": [-5.00898, 25.24102, -3.78047],
							"rotation": [0, -45, -90],
							"uv": {
								"north": {"uv": [22, 13], "uv_size": [3, 1]},
								"east": {"uv": [23, 14], "uv_size": [3, -1]},
								"south": {"uv": [22, 14], "uv_size": [3, -1]},
								"west": {"uv": [23, 13], "uv_size": [3, 1]},
								"up": {"uv": [21, 14], "uv_size": [-3, -3]},
								"down": {"uv": [30, 14], "uv_size": [-3, -3]}
							}
						},
						{
							"origin": [-11, 30, -0.25],
							"size": [6, 1, 6],
							"pivot": [-6.50898, 27.99102, -3.03047],
							"rotation": [0, -45, -90],
							"uv": {
								"north": {"uv": [38, 10], "uv_size": [3, 1]},
								"east": {"uv": [32, 12], "uv_size": [3, -2]},
								"south": {"uv": [33, 11], "uv_size": [3, -1]},
								"west": {"uv": [36, 11], "uv_size": [3, 1]},
								"up": {"uv": [7, 6], "uv_size": [-6, -6]},
								"down": {"uv": [7, 6], "uv_size": [-6, -6]}
							}
						},
						{
							"origin": [-10.85, 30, -0.25],
							"size": [4, 0.8, 4],
							"pivot": [-8.35898, 29.74102, -3.03047],
							"rotation": [0, -45, -90],
							"uv": {
								"north": {"uv": [22, 13], "uv_size": [3, 1]},
								"east": {"uv": [23, 14], "uv_size": [3, -1]},
								"south": {"uv": [22, 14], "uv_size": [3, -1]},
								"west": {"uv": [23, 13], "uv_size": [3, 1]},
								"up": {"uv": [21, 14], "uv_size": [-3, -3]},
								"down": {"uv": [30, 14], "uv_size": [-3, -3]}
							}
						},
						{
							"origin": [-4.6, 30, -0.25],
							"size": [4, 0.8, 4],
							"pivot": [-2.10898, 23.49102, -3.03047],
							"rotation": [0, -45, -90],
							"uv": {
								"north": {"uv": [22, 13], "uv_size": [3, 1]},
								"east": {"uv": [23, 14], "uv_size": [3, -1]},
								"south": {"uv": [22, 14], "uv_size": [3, -1]},
								"west": {"uv": [23, 13], "uv_size": [3, 1]},
								"up": {"uv": [21, 14], "uv_size": [-3, -3]},
								"down": {"uv": [30, 14], "uv_size": [-3, -3]}
							}
						}
					]
				},
				{
					"name": "bone27",
					"pivot": [0, 37.5, 0]
				},
				{
					"name": "bone22",
					"parent": "bone27",
					"pivot": [3.58579, 29.41421, 2],
					"cubes": [
						{
							"origin": [3, 33, 3],
							"size": [5, 13, 5],
							"uv": {
								"north": {"uv": [59, 0], "uv_size": [-5, 13]},
								"east": {"uv": [59, 0], "uv_size": [5, 13]},
								"south": {"uv": [59, 0], "uv_size": [-5, 13]},
								"west": {"uv": [59, 0], "uv_size": [5, 13]},
								"up": {"uv": [7, 19], "uv_size": [-5, -5]},
								"down": {"uv": [7, 26], "uv_size": [-5, -5]}
							}
						}
					]
				},
				{
					"name": "bone21",
					"parent": "bone27",
					"pivot": [-3.41421, 28.41421, 2],
					"cubes": [
						{
							"origin": [-8, 34, 3],
							"size": [5, 9, 5],
							"uv": {
								"north": {"uv": [49, 10], "uv_size": [-5, 9]},
								"east": {"uv": [49, 10], "uv_size": [5, 9]},
								"south": {"uv": [49, 10], "uv_size": [5, 9]},
								"west": {"uv": [44, 10], "uv_size": [5, 9]},
								"up": {"uv": [7, 19], "uv_size": [-5, -5]},
								"down": {"uv": [7, 26], "uv_size": [-5, -5]}
							}
						}
					]
				},
				{
					"name": "bone18",
					"parent": "bone27",
					"pivot": [3.58579, 30.41421, -5],
					"cubes": [
						{
							"origin": [3, 34, -8],
							"size": [5, 11, 5],
							"uv": {
								"north": {"uv": [59, 13], "uv_size": [5, 11]},
								"east": {"uv": [64, 13], "uv_size": [-5, 11]},
								"south": {"uv": [54, 13], "uv_size": [5, 11]},
								"west": {"uv": [59, 13], "uv_size": [-5, 11]},
								"up": {"uv": [7, 19], "uv_size": [-5, -5]},
								"down": {"uv": [7, 26], "uv_size": [-5, -5]}
							}
						}
					]
				},
				{
					"name": "bone9",
					"parent": "bone27",
					"pivot": [-3.41421, 30.41421, -5],
					"cubes": [
						{
							"origin": [-8, 35, -8],
							"size": [5, 10, 5],
							"uv": {
								"north": {"uv": [54, 0], "uv_size": [-5, 10]},
								"east": {"uv": [44, 0], "uv_size": [5, 10]},
								"south": {"uv": [54, 0], "uv_size": [-5, 10]},
								"west": {"uv": [49, 0], "uv_size": [-5, 10]},
								"up": {"uv": [7, 19], "uv_size": [-5, -5]},
								"down": {"uv": [7, 26], "uv_size": [-5, -5]}
							}
						}
					]
				},
				{
					"name": "bone25",
					"parent": "bone27",
					"pivot": [0, 37.5, 0],
					"rotation": [0, 90, 0],
					"cubes": [
						{
							"origin": [-8, 37, -1.5],
							"size": [3, 1, 3],
							"pivot": [-6.5, 37.5, 0],
							"rotation": [0, -45, 90],
							"uv": {
								"north": {"uv": [18, 11], "uv_size": [3, 1]},
								"east": {"uv": [27, 13], "uv_size": [3, 1]},
								"south": {"uv": [23, 2], "uv_size": [3, 1]},
								"west": {"uv": [22, 13], "uv_size": [3, 1]},
								"up": {"uv": [30, 5], "uv_size": [-3, -3]},
								"down": {"uv": [21, 14], "uv_size": [-3, -3]}
							}
						}
					]
				},
				{
					"name": "bone19",
					"parent": "bone27",
					"pivot": [0, 37.5, 0],
					"rotation": [0, -90, 0],
					"cubes": [
						{
							"origin": [-8, 37, -1.5],
							"size": [3, 1, 3],
							"pivot": [-6.5, 37.5, 0],
							"rotation": [0, -45, 90],
							"uv": {
								"north": {"uv": [18, 11], "uv_size": [3, 1]},
								"east": {"uv": [27, 13], "uv_size": [3, 1]},
								"south": {"uv": [23, 2], "uv_size": [3, 1]},
								"west": {"uv": [22, 13], "uv_size": [3, 1]},
								"up": {"uv": [30, 5], "uv_size": [-3, -3]},
								"down": {"uv": [21, 14], "uv_size": [-3, -3]}
							}
						}
					]
				},
				{
					"name": "bone20",
					"parent": "bone27",
					"pivot": [0, 37.5, 0],
					"rotation": [0, 180, 0],
					"cubes": [
						{
							"origin": [-8, 37, -1.5],
							"size": [3, 1, 3],
							"pivot": [-6.5, 37.5, 0],
							"rotation": [0, -45, 90],
							"uv": {
								"north": {"uv": [18, 11], "uv_size": [3, 1]},
								"east": {"uv": [27, 13], "uv_size": [3, 1]},
								"south": {"uv": [23, 2], "uv_size": [3, 1]},
								"west": {"uv": [22, 13], "uv_size": [3, 1]},
								"up": {"uv": [30, 5], "uv_size": [-3, -3]},
								"down": {"uv": [21, 14], "uv_size": [-3, -3]}
							}
						}
					]
				},
				{
					"name": "bone23",
					"parent": "bone27",
					"pivot": [0, 37.5, 0],
					"cubes": [
						{
							"origin": [-8, 37, -1.5],
							"size": [3, 1, 3],
							"pivot": [-6.5, 37.5, 0],
							"rotation": [0, -45, 90],
							"uv": {
								"north": {"uv": [18, 11], "uv_size": [3, 1]},
								"east": {"uv": [27, 13], "uv_size": [3, 1]},
								"south": {"uv": [23, 2], "uv_size": [3, 1]},
								"west": {"uv": [22, 13], "uv_size": [3, 1]},
								"up": {"uv": [30, 5], "uv_size": [-3, -3]},
								"down": {"uv": [21, 14], "uv_size": [-3, -3]}
							}
						}
					]
				}
			]
		}
	]
}