{
	"format_version": "1.12.0",
	"minecraft:geometry": [
		{
			"description": {
				"identifier": "geometry.unknown",
				"texture_width": 128,
				"texture_height": 128,
				"visible_bounds_width": 2,
				"visible_bounds_height": 2.5,
				"visible_bounds_offset": [0, 0.75, 0]
			},
			"bones": [
				{
					"name": "bone",
					"pivot": [0, 6.25, 0.25],
					"cubes": [
						{
							"origin": [-6, 0, 1],
							"size": [6, 13, 6],
							"uv": {
								"north": {"uv": [53, 0], "uv_size": [6, 13]},
								"east": {"uv": [53, 13], "uv_size": [6, 13]},
								"south": {"uv": [14, 53], "uv_size": [6, 13]},
								"west": {"uv": [46, 54], "uv_size": [6, 13]},
								"up": {"uv": [64, 35], "uv_size": [6, 6]},
								"down": {"uv": [66, 63], "uv_size": [6, -6]}
							}
						},
						{
							"origin": [0, 0, 0],
							"size": [6, 8, 6],
							"uv": {
								"north": {"uv": [60, 57], "uv_size": [6, 8]},
								"east": {"uv": [63, 0], "uv_size": [6, 8]},
								"south": {"uv": [63, 8], "uv_size": [6, 8]},
								"west": {"uv": [63, 16], "uv_size": [6, 8]},
								"up": {"uv": [32, 67], "uv_size": [6, 6]},
								"down": {"uv": [67, 47], "uv_size": [6, -6]}
							}
						},
						{
							"origin": [0, 0, -7],
							"size": [7, 12, 7],
							"uv": {
								"north": {"uv": [39, 43], "uv_size": [7, 12]},
								"east": {"uv": [45, 24], "uv_size": [7, 12]},
								"south": {"uv": [46, 0], "uv_size": [7, 12]},
								"west": {"uv": [46, 12], "uv_size": [7, 12]},
								"up": {"uv": [52, 26], "uv_size": [7, 7]},
								"down": {"uv": [32, 67], "uv_size": [7, -7]}
							}
						},
						{
							"origin": [-7, 0, -6],
							"size": [7, 17, 7],
							"uv": {
								"north": {"uv": [0, 32], "uv_size": [7, 17]},
								"east": {"uv": [7, 32], "uv_size": [7, 17]},
								"south": {"uv": [32, 24], "uv_size": [7, 17]},
								"west": {"uv": [14, 36], "uv_size": [7, 17]},
								"up": {"uv": [60, 43], "uv_size": [7, 7]},
								"down": {"uv": [60, 57], "uv_size": [7, -7]}
							}
						}
					]
				},
				{
					"name": "bone2",
					"pivot": [0.10954, 12.98564, -0.38426],
					"cubes": [
						{
							"origin": [-3, 3, -3],
							"size": [6, 19, 6],
							"uv": {
								"north": {"uv": [21, 36], "uv_size": [6, 19]},
								"east": {"uv": [39, 24], "uv_size": [6, 19]},
								"south": {"uv": [27, 41], "uv_size": [6, 19]},
								"west": {"uv": [33, 41], "uv_size": [6, 19]},
								"up": {"uv": [43, 67], "uv_size": [6, 6]},
								"down": {"uv": [67, 53], "uv_size": [6, -6]}
							}
						},
						{
							"origin": [-1, 2, -3],
							"size": [4, 15, 4],
							"pivot": [0, 2, 0],
							"rotation": [-17.35713, -2.13182, -19.61697],
							"uv": {
								"north": {"uv": [20, 55], "uv_size": [4, 15]},
								"east": {"uv": [39, 55], "uv_size": [4, 15]},
								"south": {"uv": [56, 54], "uv_size": [4, 15]},
								"west": {"uv": [59, 0], "uv_size": [4, 15]},
								"up": {"uv": [68, 67], "uv_size": [4, 4]},
								"down": {"uv": [69, 4], "uv_size": [4, -4]}
							}
						},
						{
							"origin": [-1, 2, -3],
							"size": [4, 14, 4],
							"pivot": [0, 2, 0],
							"rotation": [-20.6174, 4.13454, 10.22627],
							"uv": {
								"north": {"uv": [59, 15], "uv_size": [4, 14]},
								"east": {"uv": [24, 60], "uv_size": [4, 14]},
								"south": {"uv": [28, 60], "uv_size": [4, 14]},
								"west": {"uv": [60, 29], "uv_size": [4, 14]},
								"up": {"uv": [27, 36], "uv_size": [4, 4]},
								"down": {"uv": [16, 70], "uv_size": [4, -4]}
							}
						},
						{
							"origin": [-1, 6, -3],
							"size": [4, 15, 4],
							"pivot": [0, 6, 0],
							"rotation": [9.23997, 25.78974, -19.31113],
							"uv": {
								"north": {"uv": [52, 54], "uv_size": [4, 15]},
								"east": {"uv": [0, 55], "uv_size": [4, 15]},
								"south": {"uv": [4, 55], "uv_size": [4, 15]},
								"west": {"uv": [8, 55], "uv_size": [4, 15]},
								"up": {"uv": [67, 53], "uv_size": [4, 4]},
								"down": {"uv": [68, 28], "uv_size": [4, -4]}
							}
						},
						{
							"origin": [-1, 6, -3],
							"size": [4, 11, 4],
							"pivot": [0, 6, 0],
							"rotation": [29.42366, -36.34271, -8.14752],
							"uv": {
								"north": {"uv": [64, 24], "uv_size": [4, 11]},
								"east": {"uv": [60, 65], "uv_size": [4, 11]},
								"south": {"uv": [64, 65], "uv_size": [4, 11]},
								"west": {"uv": [12, 66], "uv_size": [4, 11]},
								"up": {"uv": [68, 28], "uv_size": [4, 4]},
								"down": {"uv": [68, 67], "uv_size": [4, -4]}
							}
						}
					]
				}
			]
		}
	]
}