{
  "parent": "thaumicattempts:block/pattern_requester",
  "display": {
    "gui": { "rotation": [ 30, 225, 0 ], "translation": [ 0, 0, 0 ], "scale": [ 0.85, 0.85, 0.85 ] },
    "ground": { "translation": [ 0, 3, 0 ], "scale": [ 0.65, 0.65, 0.65 ] },
    "fixed": { "scale": [ 0.75, 0.75, 0.75 ] },
    "thirdperson_righthand": { "rotation": [ 75, 45, 0 ], "translation": [ 0, 2.5, 0 ], "scale": [ 0.375, 0.375, 0.375 ] },
    "firstperson_righthand": { "rotation": [ 0, 45, 0 ], "scale": [ 0.4, 0.4, 0.4 ] },
    "firstperson_lefthand": { "rotation": [ 0, 225, 0 ], "scale": [ 0.4, 0.4, 0.4 ] }
  }
}
