{
  "entries": [
    {
      "key": "ARCANEEAR",
      "name": "research.ARCANEEAR.title",
      "icons": [ "thaumcraft:arcane_ear" ],
      "category": "ARTIFICE", "location": [ 0,-4 ],
      "parents": [ "REDSTONERELAY" ],
      "stages": [
        {
          "text": "research.ARCANEEAR.stage.1",
          "required_knowledge":["OBSERVATION;ARTIFICE;1"],
          "required_research":["!sensus"],
          "required_item":["minecraft:noteblock"]
        },
        {
          "text": "research.ARCANEEAR.stage.2",
          "recipes": ["thaumcraft:ArcaneEar","thaumcraft:ArcaneEarToggle"]
        }
      ],
      "addenda": [
        {
          "recipes": [
            "thaumicattempts:arcane_ear_band"
          ],
          "text": "research.ARCANEEAR.ta_addendum_ear_band",
          "required_research": [ "ARCANEEAR", "MINDCLOCKWORK" ]
        }
      ]
    }
  ]
}