{
  "entries": [
    {
      "key": "TA_GOLEMDELIVERY",
      "name": "research.TA_GOLEMDELIVERY.title",
      "icons": [
        "thaumicattempts:resource_requester"
      ],
      "category": "GOLEMANCY",
      "parents": [
        "TA_GOLEMCRAFT"
      ],
      "siblings": [],
      "location": [
        6,
        7
      ],
      "stages": [
        {
          "text": "research.TA_GOLEMDELIVERY.text.intro",
          "required_knowledge": ["THEORY;GOLEMANCY;2", "THEORY;ARTIFICE;2"],
          "required_item": [
            "thaumcraft:seal;1;15",
            "thaumcraft:hungry_chest"
          ]
        },
        {
          "text": "research.TA_GOLEMDELIVERY.text.main",
          "recipes": [
            "thaumicattempts:resource_list_arcane",
            "thaumicattempts:resource_requester_arcane"
          ]
        }
      ]
    }
  ]
}