{
  "entries": [
    {
      "key": "TA_GOLEM_MIRRORS",
      "name": "research.TA_GOLEM_MIRRORS.title",
      "icons": [
        "thaumicattempts:mirror_manager"
      ],
      "category": "GOLEMANCY",
      "parents": [
        "GOLEMLOGISTICS"
      ],
      "siblings": [],
      "location": [
        5,
        2
      ],
      "stages": [
        {
          "text": "research.TA_GOLEM_MIRRORS.text.0",
          "required_knowledge": [
            "THEORY;GOLEMANCY;1",
            "THEORY;ARTIFICE;2",
            "THEORY;ELDRITCH;1"
          ],
          "required_item": [
            "thaumcraft:mind;1;1",
            "thaumcraft:stone_eldritch_tile",
            "thaumcraft:mirror"
          ]
        },
        {
          "text": "research.TA_GOLEM_MIRRORS.text.1",
          "recipes": [
            "thaumicattempts:order_terminal",
            "thaumicattempts:mirror_manager_infusion",
            "thaumicattempts:mirror_manager_multiblock",
            "thaumicattempts:eldritch_construction_arcane",
            "thaumicattempts:rift_stone_base_arcane",
            "thaumicattempts:vischarge"
          ]
        }
      ]
    }
  ]
}