{
  "entries": [
    {
      "key": "TA_GOLEMCRAFT_AD",
      "name": "research.TA_GOLEMCRAFT_AD.title",
      "icons": [
        "thaumicattempts:arcane_crafter"
      ],
      "category": "GOLEMANCY",
      "parents": [
        "TA_GOLEMCRAFT"
      ],
      "siblings": [],
      "location": [
        4,
        7
      ],
      "stages": [
        {
          "text": "research.TA_GOLEMCRAFT_AD.text.intro",
          "required_knowledge": ["THEORY;AUROMANCY;2", "THEORY;ARTIFICE;3"],
          "required_item": [
            "thaumicattempts:golem_crafter",
            "thaumcraft:arcane_workbench"
          ]
        },
        {
          "text": "research.TA_GOLEMCRAFT_AD.text.main",
          "recipes": [
            "thaumicattempts:pattern_arcane",
            "thaumicattempts:arcane_crafter_infusion"
          ]
        }
      ]
    }
  ]
}