{
  "entries": [
    {
      "key": "TA_GOLEM_INTEGRATION",
      "name": "research.TA_GOLEM_INTEGRATION.title",
      "icons": [
        "thaumicattempts:mirror_stabilizer"
      ],
      "category": "GOLEMANCY",
      "parents": [
        "TA_GOLEM_MIRRORS"
      ],
      "siblings": [],
      "location": [
        5,
        0
      ],
      "stages": [
        {
          "text": "research.TA_GOLEM_INTEGRATION.text.0",
          "required_knowledge": ["THEORY;GOLEMANCY;1", "THEORY;ARTIFICE;1", "THEORY;ELDRITCH;1"],
          "required_item": [
            "thaumcraft:brain_box",
            "thaumcraft:plate;1;3",
            "thaumcraft:mirrored_glass"
          ]
        },
        {
          "text": "research.TA_GOLEM_INTEGRATION.text.1",
          "recipes": [
            "thaumicattempts:math_core_arcane",
            "thaumicattempts:mirror_stabilizer_arcane",
            "thaumicattempts:requester_infusion"
          ]
        }
      ]
    }
  ]
}