{
  "entries": [
    {
      "key": "TA_GOLEMCONTROLER",
      "name": "research.TA_GOLEMCONTROLER.title",
      "icons": [
        "thaumicattempts:golem_dispatcher"
      ],
      "category": "GOLEMANCY",
      "parents": [
        "TA_GOLEM_INTEGRATION"
      ],
      "siblings": [],
      "location": [
        5,
        -2
      ],
      "stages": [
        {
          "text": "research.TA_GOLEMCONTROLER.text.intro",
          "required_knowledge": ["THEORY;GOLEMANCY;2", "THEORY;ELDRITCH;1"],
          "required_item": [
            "thaumcraft:mind;1;1",
            "thaumcraft:brain_box"
          ]
        },
        {
          "text": "research.TA_GOLEMCONTROLER.text.main",
          "recipes": [
            "thaumicattempts:dispatcher_infusion"
          ]
        }
      ]
    }
  ]
}