{
  "variants": {
    "facing=up,spin=0":   { "model": "thaumicattempts:rift_geod", "x": 0,   "y": 0 },
    "facing=up,spin=1":   { "model": "thaumicattempts:rift_geod", "x": 0,   "y": 180 },

    "facing=down,spin=0": { "model": "thaumicattempts:rift_geod", "x": 180, "y": 0 },
    "facing=down,spin=1": { "model": "thaumicattempts:rift_geod", "x": 180, "y": 180 },

    "facing=north,spin=0": { "model": "thaumicattempts:rift_geod", "x": 90,  "y": 0 },
    "facing=north,spin=1": { "model": "thaumicattempts:rift_geod", "x": 270, "y": 180 },

    "facing=south,spin=0": { "model": "thaumicattempts:rift_geod", "x": 270, "y": 0 },
    "facing=south,spin=1": { "model": "thaumicattempts:rift_geod", "x": 90,  "y": 180 },

    "facing=west,spin=0":  { "model": "thaumicattempts:rift_geod", "x": 90,  "y": 0 },
    "facing=west,spin=1":  { "model": "thaumicattempts:rift_geod", "x": 270, "y": 180 },

    "facing=east,spin=0":  { "model": "thaumicattempts:rift_geod", "x": 90,  "y": 0 },
    "facing=east,spin=1":  { "model": "thaumicattempts:rift_geod", "x": 270, "y": 180 }
  }
}
