{
	"format_version": "1.8.0",
	"animations": {
		"animation.model.cycle_base": {
			"loop": true,
			"animation_length": 27,
			"bones": {
				"9": {
					"rotation": {
						"vector": [0, 0, 0]
					}
				},
				"11": {
					"rotation": {
						"0.0": {
							"vector": [0, 0, 0]
						},
						"27.0": {
							"vector": [0, -1800, 0]
						}
					}
				},
				"bone11": {
					"rotation": {
						"0.0": {
							"vector": [0, 0, 0]
						},
						"27.0": {
							"vector": [0, -1800, 0]
						}
					}
				}
			}
		}
	},
	"geckolib_format_version": 2
}