{
	"format_version": "1.8.0",
	"animations": {
		"animation.infusion_requester.new": {
			"loop": true,
			"animation_length": 6,
			"bones": {
				"bone2": {
					"rotation": {
						"0.0": {
							"vector": [0, 0, 0]
						},
						"6.0": {
							"vector": [0, -720, 0]
						}
					},
					"position": {
						"0.0": {
							"vector": [0, 0, 0]
						},
						"2.0": {
							"vector": [0, 2, 0],
							"easing": "linear"
						},
						"2.9167": {
							"vector": [0, 0, 0]
						}
					}
				},
				"bone3": {
					"rotation": {
						"0.0": {
							"vector": [0, 0, 0]
						},
						"6.0": {
							"vector": [0, -720, 0]
						}
					},
					"position": {
						"0.5": {
							"vector": [0, 0, 0]
						},
						"2.2917": {
							"vector": [0, 2, 0]
						},
						"4.2917": {
							"vector": [0, 0, 0]
						}
					}
				},
				"bone4": {
					"rotation": {
						"0.0": {
							"vector": [0, 0, 0]
						},
						"6.0": {
							"vector": [0, -720, 0]
						}
					},
					"position": {
						"0.25": {
							"vector": [0, 0, 0]
						},
						"1.25": {
							"vector": [0, 2, 0]
						},
						"3.2083": {
							"vector": [0, 0, 0]
						}
					}
				},
				"bone5": {
					"rotation": {
						"0.0": {
							"vector": [0, 0, 0]
						},
						"6.0": {
							"vector": [0, -720, 0]
						}
					}
				},
				"bone6": {
					"rotation": {
						"0.0": {
							"vector": [0, 0, 0]
						},
						"6.0": {
							"vector": [0, -720, 0]
						}
					},
					"position": {
						"2.25": {
							"vector": [0, 0, 0]
						},
						"3.75": {
							"vector": [0, 2, 0]
						},
						"4.75": {
							"vector": [0, 0, 0]
						}
					}
				},
				"bone7": {
					"rotation": {
						"0.0": {
							"vector": [0, 0, 0]
						},
						"6.0": {
							"vector": [0, -720, 0]
						}
					},
					"position": {
						"0.2083": {
							"vector": [0, 0, 0]
						},
						"3.4583": {
							"vector": [0, 2, 0]
						},
						"5.0": {
							"vector": [0, 0, 0]
						}
					}
				},
				"bone8": {
					"rotation": {
						"0.0": {
							"vector": [0, 0, 0]
						},
						"6.0": {
							"vector": [0, -360, 0]
						}
					},
					"position": {
						"2.125": {
							"vector": [0, 0, 0]
						},
						"4.0": {
							"vector": [0, 2, 0]
						},
						"5.375": {
							"vector": [0, 0, 0]
						}
					}
				},
				"bone9": {
					"rotation": {
						"0.0": {
							"vector": [0, 0, 0]
						},
						"6.0": {
							"vector": [0, 360, 0]
						}
					},
					"position": {
						"vector": [0, "math.sin(query.anim_time*120)", 0]
					}
				}
			}
		}
	},
	"geckolib_format_version": 2
}