{
	"format_version": "1.8.0",
	"animations": {
		"mirror_manager.animation": {
			"loop": true,
			"animation_length": 6,
			"bones": {
				"bone2": {
					"position": {
						"0.0": {
							"vector": [0, 0, 0]
						},
						"3.0": {
							"vector": [2, 0, 0]
						},
						"6.0": {
							"vector": [0, 0, 0]
						}
					}
				},
				"bone9": {
					"rotation": {
						"0.0": {
							"vector": [0, 0, 0]
						},
						"6.0": {
							"vector": [0, -360, 0]
						}
					},
					"position": {
						"vector": [0, "math.sin(query.anim_time*60)", 0]
					}
				},
				"bone16": {
					"rotation": {
						"0.0": {
							"vector": [0, 0, 0]
						},
						"6.0": {
							"vector": [0, -360, 0]
						}
					},
					"position": {
						"vector": [0, "math.sin(query.anim_time*120)", 0]
					}
				},
				"bone3": {
					"position": {
						"0.0": {
							"vector": [0, 0, 0]
						},
						"3.0": {
							"vector": [2, 0, 0]
						},
						"6.0": {
							"vector": [0, 0, 0]
						}
					}
				},
				"bone5": {
					"position": {
						"0.0": {
							"vector": [0, 0, 0]
						},
						"3.0": {
							"vector": [2, 0, 0],
							"easing": "linear"
						},
						"6.0": {
							"vector": [0, 0, 0],
							"easing": "linear"
						}
					}
				},
				"bone7": {
					"position": {
						"0.0": {
							"vector": [0, 0, 0]
						},
						"3.0": {
							"vector": [2, 0, 0]
						},
						"6.0": {
							"vector": [0, 0, 0]
						}
					}
				},
				"bone30": {
					"position": {
						"vector": [0, "math.cos(query.anim_time*120+20)", 0]
					}
				},
				"bone18": {
					"position": {
						"vector": [0, "math.cos(query.anim_time*120+86)", 0]
					}
				},
				"bone22": {
					"position": {
						"vector": [0, "math.sin(query.anim_time*120+60)", 0]
					}
				},
				"bone29": {
					"position": {
						"vector": [0, "math.sin(query.anim_time*120+10)", 0]
					}
				}
			}
		}
	},
	"geckolib_format_version": 2
}