{
	"format_version": "1.8.0",
	"animations": {
		"animation.model.pattern_requester": {
			"loop": true,
			"animation_length": 6,
			"bones": {
				"ring": {
					"rotation": {
						"0.0": {
							"vector": [0, 0, 0]
						},
						"6.0": {
							"vector": [0, 720, 0]
						}
					}
				},
				"core": {
					"rotation": {
						"0.0": {
							"vector": [0, 0, 0]
						},
						"6.0": {
							"vector": [0, -720, 0]
						}
					}
				},
				"pilon": {
					"position": {
						"vector": [0, "math.sin(query.anim_time*120)", 0]
					}
				}
			}
		}
	},
	"geckolib_format_version": 2
}