{
	"format_version": "1.8.0",
	"animations": {
		"animation.model.cap1": {
			"loop": "hold_on_last_frame",
			"animation_length": 2,
			"bones": {
				"cap": {
					"position": {
						"0.0": {
							"vector": [0, 0, 0]
						},
						"2.0": {
							"vector": [0, 4, 0],
							"easing": "easeInExpo"
						}
					}
				}
			}
		},
		"animation.model.cap2": {
			"loop": true,
			"animation_length": 4,
			"bones": {
				"cap": {
					"position": {
						"0.0": {
							"vector": [0, 4, 0]
						},
						"1.0": {
							"vector": [0, 3, 0],
							"easing": "linear"
						},
						"2.0": {
							"vector": [0, 4, 0],
							"easing": "linear"
						},
						"3.0": {
							"vector": [0, 3, 0],
							"easing": "linear"
						},
						"4.0": {
							"vector": [0, 4, 0],
							"easing": "linear"
						}
					}
				}
			}
		},
		"animation.model.cap3": {
			"animation_length": 2,
			"bones": {
				"cap": {
					"position": {
						"0.0": {
							"vector": [0, 4, 0],
							"easing": "easeInElastic"
						},
						"2.0": {
							"vector": [0, 0, 0],
							"easing": "easeInExpo"
						}
					}
				}
			}
		}
	},
	"geckolib_format_version": 2
}