{
	"format_version": "1.9.0",
	"credit": "Made with Blockbench",
	"texture_size": [64, 64],
	"textures": {
		"7": "thaumicattempts:blocks/aura_buffer_core",
		"particle": "aura_buffer_e"
	},
	"elements": [
		{
			"from": [9, 4, 9],
			"to": [14, 14, 14],
			"rotation": {"angle": 0, "axis": "y", "origin": [11.5, 9, 11.5]},
			"faces": {
				"north": {"uv": [12.25, 0, 13.5, 2.5], "texture": "#7"},
				"east": {"uv": [13.5, 0, 12.25, 2.5], "texture": "#7"},
				"south": {"uv": [11, 0, 12.25, 2.5], "texture": "#7"},
				"west": {"uv": [12.25, 0, 11, 2.5], "texture": "#7"},
				"up": {"uv": [7.75, 3.5, 9, 4.75], "texture": "#7"},
				"down": {"uv": [7.75, 3.5, 9, 4.75], "texture": "#7"}
			}
		},
		{
			"from": [2, 2, 9],
			"to": [7, 14, 14],
			"rotation": {"angle": 0, "axis": "y", "origin": [4.5, 8, 11.5]},
			"faces": {
				"north": {"uv": [11, 2.5, 12.25, 5.5], "texture": "#7"},
				"east": {"uv": [13.5, 2.5, 12.25, 5.5], "texture": "#7"},
				"south": {"uv": [11, 2.5, 12.25, 5.5], "texture": "#7"},
				"west": {"uv": [13.5, 2.5, 12.25, 5.5], "texture": "#7"},
				"up": {"uv": [7.75, 3.5, 9, 4.75], "texture": "#7"},
				"down": {"uv": [7.75, 3.5, 9, 4.75], "texture": "#7"}
			}
		},
		{
			"from": [2, 4, 2],
			"to": [7, 14, 7],
			"rotation": {"angle": 0, "axis": "y", "origin": [4, 13, 4]},
			"faces": {
				"north": {"uv": [11, 0, 12.25, 2.5], "texture": "#7"},
				"east": {"uv": [13.5, 0, 12.25, 2.5], "texture": "#7"},
				"south": {"uv": [12.25, 0, 13.5, 2.5], "texture": "#7"},
				"west": {"uv": [12.25, 0, 11, 2.5], "texture": "#7"},
				"up": {"uv": [7.75, 3.5, 9, 4.75], "texture": "#7"},
				"down": {"uv": [7.75, 3.5, 9, 4.75], "texture": "#7"}
			}
		},
		{
			"from": [9, 0, 2],
			"to": [14, 14, 7],
			"rotation": {"angle": 0, "axis": "y", "origin": [11.5, 7, 4.5]},
			"faces": {
				"north": {"uv": [14.75, 6, 16, 9.5], "texture": "#7"},
				"east": {"uv": [14.75, 6, 13.5, 9.5], "texture": "#7"},
				"south": {"uv": [13.5, 6, 14.75, 9.5], "texture": "#7"},
				"west": {"uv": [16, 6, 14.75, 9.5], "texture": "#7"},
				"up": {"uv": [7.75, 3.5, 9, 4.75], "texture": "#7"},
				"down": {"uv": [7.75, 3.5, 9, 4.75], "texture": "#7"}
			}
		},
		{
			"from": [1, 5, 5],
			"to": [2, 11, 11],
			"rotation": {"angle": 45, "axis": "x", "origin": [1.5, 8, 8]},
			"faces": {
				"north": {"uv": [1.5, 0, 1.75, 1.5], "texture": "#7"},
				"east": {"uv": [0.25, 0, 1.75, 1.5], "texture": "#7"},
				"south": {"uv": [1.5, 0, 1.75, 1.5], "texture": "#7"},
				"west": {"uv": [0.25, 0, 1.75, 1.5], "texture": "#7"},
				"up": {"uv": [1.5, 0, 1.75, 1.5], "texture": "#7"},
				"down": {"uv": [0.25, 0, 0.5, 1.5], "texture": "#7"}
			}
		},
		{
			"from": [0.5, 6.5, 6.54289],
			"to": [1.5, 9.5, 9.54289],
			"rotation": {"angle": 45, "axis": "x", "origin": [1, 8, 8.04289]},
			"faces": {
				"north": {"uv": [7.25, 1.75, 7.5, 2.5], "texture": "#7"},
				"east": {"uv": [4.5, 2.75, 5.25, 3.5], "texture": "#7"},
				"south": {"uv": [4.5, 1.5, 4.75, 2.25], "texture": "#7"},
				"west": {"uv": [6.75, 2.75, 7.5, 3.5], "texture": "#7"},
				"up": {"uv": [7.25, 1.75, 7.5, 2.5], "texture": "#7"},
				"down": {"uv": [4.5, 1.5, 4.75, 2.25], "texture": "#7"}
			}
		},
		{
			"from": [1.1, 9.5, 5.84289],
			"to": [1.9, 13.5, 9.84289],
			"rotation": {"angle": 45, "axis": "x", "origin": [1.6, 11, 7.34289]},
			"faces": {
				"north": {"uv": [7.25, 1.75, 7.5, 2.5], "texture": "#7"},
				"east": {"uv": [4.5, 2.75, 5.25, 3.5], "texture": "#7"},
				"south": {"uv": [4.5, 1.5, 4.75, 2.25], "texture": "#7"},
				"west": {"uv": [6.75, 2.75, 7.5, 3.5], "texture": "#7"},
				"up": {"uv": [7.25, 1.75, 7.5, 2.5], "texture": "#7"},
				"down": {"uv": [4.5, 1.5, 4.75, 2.25], "texture": "#7"}
			}
		},
		{
			"from": [1.1, 3.5, 5.84289],
			"to": [1.9, 7.5, 9.84289],
			"rotation": {"angle": 45, "axis": "x", "origin": [1.6, 5, 7.34289]},
			"faces": {
				"north": {"uv": [7.25, 1.75, 7.5, 2.5], "texture": "#7"},
				"east": {"uv": [4.5, 2.75, 5.25, 3.5], "texture": "#7"},
				"south": {"uv": [4.5, 1.5, 4.75, 2.25], "texture": "#7"},
				"west": {"uv": [6.75, 2.75, 7.5, 3.5], "texture": "#7"},
				"up": {"uv": [7.25, 1.75, 7.5, 2.5], "texture": "#7"},
				"down": {"uv": [4.5, 1.5, 4.75, 2.25], "texture": "#7"}
			}
		},
		{
			"from": [14.5, 6.5, 6.54289],
			"to": [15.5, 9.5, 9.54289],
			"rotation": {"angle": 45, "axis": "x", "origin": [15, 8, 8.04289]},
			"faces": {
				"north": {"uv": [7.25, 1.75, 7.5, 2.5], "texture": "#7"},
				"east": {"uv": [4.5, 2.75, 5.25, 3.5], "texture": "#7"},
				"south": {"uv": [4.5, 1.5, 4.75, 2.25], "texture": "#7"},
				"west": {"uv": [6.75, 2.75, 7.5, 3.5], "texture": "#7"},
				"up": {"uv": [7.25, 1.75, 7.5, 2.5], "texture": "#7"},
				"down": {"uv": [4.5, 1.5, 4.75, 2.25], "texture": "#7"}
			}
		},
		{
			"from": [14.1, 3.5, 5.84289],
			"to": [14.9, 7.5, 9.84289],
			"rotation": {"angle": 45, "axis": "x", "origin": [14.6, 5, 7.34289]},
			"faces": {
				"north": {"uv": [7.25, 1.75, 7.5, 2.5], "texture": "#7"},
				"east": {"uv": [4.5, 2.75, 5.25, 3.5], "texture": "#7"},
				"south": {"uv": [4.5, 1.5, 4.75, 2.25], "texture": "#7"},
				"west": {"uv": [6.75, 2.75, 7.5, 3.5], "texture": "#7"},
				"up": {"uv": [7.25, 1.75, 7.5, 2.5], "texture": "#7"},
				"down": {"uv": [4.5, 1.5, 4.75, 2.25], "texture": "#7"}
			}
		},
		{
			"from": [14, 5, 5],
			"to": [15, 11, 11],
			"rotation": {"angle": 45, "axis": "x", "origin": [14.5, 8, 8]},
			"faces": {
				"north": {"uv": [1.5, 0, 1.75, 1.5], "texture": "#7"},
				"east": {"uv": [0.25, 0, 1.75, 1.5], "texture": "#7"},
				"south": {"uv": [1.5, 0, 1.75, 1.5], "texture": "#7"},
				"west": {"uv": [0.25, 0, 1.75, 1.5], "texture": "#7"},
				"up": {"uv": [1.5, 0, 1.75, 1.5], "texture": "#7"},
				"down": {"uv": [0.25, 0, 0.5, 1.5], "texture": "#7"}
			}
		},
		{
			"from": [14.1, 9.5, 5.84289],
			"to": [14.9, 13.5, 9.84289],
			"rotation": {"angle": 45, "axis": "x", "origin": [14.6, 11, 7.34289]},
			"faces": {
				"north": {"uv": [7.25, 1.75, 7.5, 2.5], "texture": "#7"},
				"east": {"uv": [4.5, 2.75, 5.25, 3.5], "texture": "#7"},
				"south": {"uv": [4.5, 1.5, 4.75, 2.25], "texture": "#7"},
				"west": {"uv": [6.75, 2.75, 7.5, 3.5], "texture": "#7"},
				"up": {"uv": [7.25, 1.75, 7.5, 2.5], "texture": "#7"},
				"down": {"uv": [4.5, 1.5, 4.75, 2.25], "texture": "#7"}
			}
		},
		{
			"from": [6.5, 6.5, 0.5],
			"to": [9.5, 9.5, 1.5],
			"rotation": {"angle": 45, "axis": "z", "origin": [8, 8, 1.04289]},
			"faces": {
				"north": {"uv": [4.5, 2.75, 5.25, 3.5], "texture": "#7"},
				"east": {"uv": [4.5, 1.5, 4.75, 2.25], "texture": "#7"},
				"south": {"uv": [6.75, 2.75, 7.5, 3.5], "texture": "#7"},
				"west": {"uv": [7.25, 1.75, 7.5, 2.5], "texture": "#7"},
				"up": {"uv": [7.25, 1.75, 7.5, 2.5], "rotation": 270, "texture": "#7"},
				"down": {"uv": [4.5, 1.5, 4.75, 2.25], "rotation": 90, "texture": "#7"}
			}
		},
		{
			"from": [6.5, 2.5, 1.1],
			"to": [10.5, 6.5, 1.9],
			"rotation": {"angle": 45, "axis": "z", "origin": [8, 4, 0.94289]},
			"faces": {
				"north": {"uv": [4.5, 2.75, 5.25, 3.5], "texture": "#7"},
				"east": {"uv": [4.5, 1.5, 4.75, 2.25], "texture": "#7"},
				"south": {"uv": [6.75, 2.75, 7.5, 3.5], "texture": "#7"},
				"west": {"uv": [7.25, 1.75, 7.5, 2.5], "texture": "#7"},
				"up": {"uv": [7.25, 1.75, 7.5, 2.5], "rotation": 270, "texture": "#7"},
				"down": {"uv": [4.5, 1.5, 4.75, 2.25], "rotation": 90, "texture": "#7"}
			}
		},
		{
			"from": [5, 5, 1],
			"to": [11, 11, 2],
			"rotation": {"angle": 45, "axis": "z", "origin": [8, 8, 1.5]},
			"faces": {
				"north": {"uv": [0.25, 0, 1.75, 1.5], "texture": "#7"},
				"east": {"uv": [1.5, 0, 1.75, 1.5], "texture": "#7"},
				"south": {"uv": [0.25, 0, 1.75, 1.5], "texture": "#7"},
				"west": {"uv": [1.5, 0, 1.75, 1.5], "texture": "#7"},
				"up": {"uv": [1.5, 0, 1.75, 1.5], "rotation": 270, "texture": "#7"},
				"down": {"uv": [0.25, 0, 0.5, 1.5], "rotation": 90, "texture": "#7"}
			}
		},
		{
			"from": [6.5, 9, 1.1],
			"to": [10.5, 13, 1.9],
			"rotation": {"angle": 45, "axis": "z", "origin": [8, 10.5, 0.94289]},
			"faces": {
				"north": {"uv": [4.5, 2.75, 5.25, 3.5], "texture": "#7"},
				"east": {"uv": [4.5, 1.5, 4.75, 2.25], "texture": "#7"},
				"south": {"uv": [6.75, 2.75, 7.5, 3.5], "texture": "#7"},
				"west": {"uv": [7.25, 1.75, 7.5, 2.5], "texture": "#7"},
				"up": {"uv": [7.25, 1.75, 7.5, 2.5], "rotation": 270, "texture": "#7"},
				"down": {"uv": [4.5, 1.5, 4.75, 2.25], "rotation": 90, "texture": "#7"}
			}
		},
		{
			"from": [6.5, 6.5, 14.5],
			"to": [9.5, 9.5, 15.5],
			"rotation": {"angle": 45, "axis": "z", "origin": [8, 8, 15.04289]},
			"faces": {
				"north": {"uv": [4.5, 2.75, 5.25, 3.5], "texture": "#7"},
				"east": {"uv": [4.5, 1.5, 4.75, 2.25], "texture": "#7"},
				"south": {"uv": [6.75, 2.75, 7.5, 3.5], "texture": "#7"},
				"west": {"uv": [7.25, 1.75, 7.5, 2.5], "texture": "#7"},
				"up": {"uv": [7.25, 1.75, 7.5, 2.5], "rotation": 270, "texture": "#7"},
				"down": {"uv": [4.5, 1.5, 4.75, 2.25], "rotation": 90, "texture": "#7"}
			}
		},
		{
			"from": [6.5, 2.5, 14.1],
			"to": [10.5, 6.5, 14.9],
			"rotation": {"angle": 45, "axis": "z", "origin": [8, 4, 13.94289]},
			"faces": {
				"north": {"uv": [4.5, 2.75, 5.25, 3.5], "texture": "#7"},
				"east": {"uv": [4.5, 1.5, 4.75, 2.25], "texture": "#7"},
				"south": {"uv": [6.75, 2.75, 7.5, 3.5], "texture": "#7"},
				"west": {"uv": [7.25, 1.75, 7.5, 2.5], "texture": "#7"},
				"up": {"uv": [7.25, 1.75, 7.5, 2.5], "rotation": 270, "texture": "#7"},
				"down": {"uv": [4.5, 1.5, 4.75, 2.25], "rotation": 90, "texture": "#7"}
			}
		},
		{
			"from": [5, 5, 14],
			"to": [11, 11, 15],
			"rotation": {"angle": 45, "axis": "z", "origin": [8, 8, 14.5]},
			"faces": {
				"north": {"uv": [0.25, 0, 1.75, 1.5], "texture": "#7"},
				"east": {"uv": [1.5, 0, 1.75, 1.5], "texture": "#7"},
				"south": {"uv": [0.25, 0, 1.75, 1.5], "texture": "#7"},
				"west": {"uv": [1.5, 0, 1.75, 1.5], "texture": "#7"},
				"up": {"uv": [1.5, 0, 1.75, 1.5], "rotation": 270, "texture": "#7"},
				"down": {"uv": [0.25, 0, 0.5, 1.5], "rotation": 90, "texture": "#7"}
			}
		},
		{
			"from": [6.5, 9.1, 14.1],
			"to": [10.5, 13.1, 14.9],
			"rotation": {"angle": 45, "axis": "z", "origin": [8, 10.6, 13.94289]},
			"faces": {
				"north": {"uv": [4.5, 2.75, 5.25, 3.5], "texture": "#7"},
				"east": {"uv": [4.5, 1.5, 4.75, 2.25], "texture": "#7"},
				"south": {"uv": [6.75, 2.75, 7.5, 3.5], "texture": "#7"},
				"west": {"uv": [7.25, 1.75, 7.5, 2.5], "texture": "#7"},
				"up": {"uv": [7.25, 1.75, 7.5, 2.5], "rotation": 270, "texture": "#7"},
				"down": {"uv": [4.5, 1.5, 4.75, 2.25], "rotation": 90, "texture": "#7"}
			}
		}
	],
	"groups": [
		0,
		1,
		2,
		3,
		{
			"name": "group",
			"origin": [1.6, 5, 7.34289],
			"color": 0,
			"children": [4, 5, 6, 7]
		},
		{
			"name": "group",
			"origin": [1.6, 11, 7.34289],
			"color": 0,
			"children": [8, 9, 10, 11]
		},
		{
			"name": "group",
			"origin": [1.6, 11, 7.34289],
			"color": 0,
			"children": [
				12,
				13,
				14,
				15,
				{
					"name": "group",
					"origin": [1.6, 11, 7.34289],
					"color": 0,
					"children": [16, 17, 18, 19]
				}
			]
		}
	]
}