{
  "parent": "block/block",
  "textures": {
    "particle": "thaumicattempts:blocks/dispatcher",
    "all": "thaumicattempts:blocks/dispatcher"
  },
  "elements": [
    {
      "from": [0, 0, 0],
      "to": [16, 7, 16],
      "faces": {
        "north": { "uv": [0, 9, 16, 16], "texture": "#all" },
        "east": { "uv": [0, 9, 16, 16], "texture": "#all" },
        "south": { "uv": [0, 9, 16, 16], "texture": "#all" },
        "west": { "uv": [0, 9, 16, 16], "texture": "#all" },
        "up": { "uv": [0, 0, 16, 16], "texture": "#all" },
        "down": { "uv": [0, 0, 16, 16], "texture": "#all" }
      }
    },
    {
      "from": [2, 7, 2],
      "to": [14, 9, 14],
      "faces": {
        "north": { "uv": [0, 0, 12, 2], "texture": "#all" },
        "east": { "uv": [0, 0, 12, 2], "texture": "#all" },
        "south": { "uv": [0, 0, 12, 2], "texture": "#all" },
        "west": { "uv": [0, 0, 12, 2], "texture": "#all" },
        "up": { "uv": [2, 2, 14, 14], "texture": "#all" },
        "down": { "uv": [2, 2, 14, 14], "texture": "#all" }
      }
    }
  ]
}