{
	"format_version": "1.21.11",
	"credit": "Made with Blockbench",
	"texture_size": [64, 64],
	"textures": {
      "0": "thaumicattempts:blocks/mirror_manager",
      "particle": "thaumicattempts:blocks/mirror_manager"
	},
	"elements": [
		{
			"from": [0, 0, 0],
			"to": [16, 7, 16],
			"rotation": {"x": 0, "y": 0, "z": 0, "origin": [8, 0, 8]},
			"faces": {
				"north": {"uv": [0, 1.25, 4, 3], "texture": "#0"},
				"east": {"uv": [4, 1.25, 0, 3], "texture": "#0"},
				"south": {"uv": [0, 1.25, 4, 3], "texture": "#0"},
				"west": {"uv": [4, 1.25, 0, 3], "texture": "#0"},
				"up": {"uv": [4, 7, 0, 3], "texture": "#0"},
				"down": {"uv": [4, 3, 0, 7], "texture": "#0"}
			}
		},
		{
			"from": [12.5, 12.1, 6],
			"to": [13.5, 12.9, 10],
			"rotation": {"x": 0, "y": -60, "z": 0, "origin": [8, 12.5, 8]},
			"faces": {
				"north": {"uv": [5, 3.25, 5.25, 3.45], "texture": "#0"},
				"east": {"uv": [5.25, 3.25, 6.25, 3.45], "texture": "#0"},
				"south": {"uv": [5, 1, 5.25, 1.2], "texture": "#0"},
				"west": {"uv": [5.25, 3.25, 6.25, 3.45], "texture": "#0"},
				"up": {"uv": [4.75, 1.25, 5, 2.25], "texture": "#0"},
				"down": {"uv": [4.75, 1.5, 5, 2.5], "texture": "#0"}
			}
		},
		{
			"from": [12.5, 12.1, 6],
			"to": [13.5, 12.9, 10],
			"rotation": {"x": 0, "y": -180, "z": 0, "origin": [8, 12.5, 8]},
			"faces": {
				"north": {"uv": [5, 3.25, 5.25, 3.45], "texture": "#0"},
				"east": {"uv": [5.25, 3.25, 6.25, 3.45], "texture": "#0"},
				"south": {"uv": [5, 1, 5.25, 1.2], "texture": "#0"},
				"west": {"uv": [5.25, 3.25, 6.25, 3.45], "texture": "#0"},
				"up": {"uv": [4.75, 1.25, 5, 2.25], "texture": "#0"},
				"down": {"uv": [4.75, 1.5, 5, 2.5], "texture": "#0"}
			}
		},
		{
			"from": [12.5, 12.1, 6],
			"to": [13.5, 12.9, 10],
			"rotation": {"x": 0, "y": 120, "z": 0, "origin": [8, 12.5, 8]},
			"faces": {
				"north": {"uv": [5, 3.25, 5.25, 3.45], "texture": "#0"},
				"east": {"uv": [5.25, 3.25, 6.25, 3.45], "texture": "#0"},
				"south": {"uv": [5, 1, 5.25, 1.2], "texture": "#0"},
				"west": {"uv": [5.25, 3.25, 6.25, 3.45], "texture": "#0"},
				"up": {"uv": [4.75, 1.25, 5, 2.25], "texture": "#0"},
				"down": {"uv": [4.75, 1.5, 5, 2.5], "texture": "#0"}
			}
		},
		{
			"from": [12.5, 12.1, 6],
			"to": [13.5, 12.9, 10],
			"rotation": {"x": 0, "y": 60, "z": 0, "origin": [8, 12.5, 8]},
			"faces": {
				"north": {"uv": [5, 3.25, 5.25, 3.45], "texture": "#0"},
				"east": {"uv": [5.25, 3.25, 6.25, 3.45], "texture": "#0"},
				"south": {"uv": [5, 1, 5.25, 1.2], "texture": "#0"},
				"west": {"uv": [5.25, 3.25, 6.25, 3.45], "texture": "#0"},
				"up": {"uv": [4.75, 1.25, 5, 2.25], "texture": "#0"},
				"down": {"uv": [4.75, 1.5, 5, 2.5], "texture": "#0"}
			}
		},
		{
			"from": [12.5, 12.1, 6],
			"to": [13.5, 12.9, 10],
			"rotation": {"x": 0, "y": -120, "z": 0, "origin": [8, 12.5, 8]},
			"faces": {
				"north": {"uv": [5, 3.25, 5.25, 3.45], "texture": "#0"},
				"east": {"uv": [5.25, 3.25, 6.25, 3.45], "texture": "#0"},
				"south": {"uv": [5, 1, 5.25, 1.2], "texture": "#0"},
				"west": {"uv": [5.25, 3.25, 6.25, 3.45], "texture": "#0"},
				"up": {"uv": [4.75, 1.25, 5, 2.25], "texture": "#0"},
				"down": {"uv": [4.75, 1.5, 5, 2.5], "texture": "#0"}
			}
		},
		{
			"from": [12.5, 12.1, 6],
			"to": [13.5, 12.9, 10],
			"rotation": {"x": 0, "y": 0, "z": 0, "origin": [8, 12.5, 8]},
			"faces": {
				"north": {"uv": [5, 3.25, 5.25, 3.45], "texture": "#0"},
				"east": {"uv": [5.25, 3.25, 6.25, 3.45], "texture": "#0"},
				"south": {"uv": [5, 1, 5.25, 1.2], "texture": "#0"},
				"west": {"uv": [5.25, 3.25, 6.25, 3.45], "texture": "#0"},
				"up": {"uv": [4.75, 1.25, 5, 2.25], "texture": "#0"},
				"down": {"uv": [4.75, 1.5, 5, 2.5], "texture": "#0"}
			}
		},
		{
			"from": [6.5, 12, 1],
			"to": [9.5, 13, 4],
			"rotation": {"x": 0, "y": 45, "z": 0, "origin": [8, 12.5, 2.5]},
			"faces": {
				"north": {"uv": [5.5, 3.25, 6.25, 3.5], "texture": "#0"},
				"east": {"uv": [5.75, 3.5, 6.5, 3.25], "texture": "#0"},
				"south": {"uv": [5.5, 3.5, 6.25, 3.25], "texture": "#0"},
				"west": {"uv": [5.75, 3.25, 6.5, 3.5], "texture": "#0"},
				"up": {"uv": [4.5, 2.75, 5.25, 3.5], "texture": "#0"},
				"down": {"uv": [6.75, 2.75, 7.5, 3.5], "texture": "#0"}
			}
		},
		{
			"from": [6.5, 12, 12],
			"to": [9.5, 13, 15],
			"rotation": {"x": 0, "y": 45, "z": 0, "origin": [8, 12.5, 13.5]},
			"faces": {
				"north": {"uv": [5.5, 3.25, 6.25, 3.5], "texture": "#0"},
				"east": {"uv": [5.75, 3.5, 6.5, 3.25], "texture": "#0"},
				"south": {"uv": [5.5, 3.5, 6.25, 3.25], "texture": "#0"},
				"west": {"uv": [5.75, 3.25, 6.5, 3.5], "texture": "#0"},
				"up": {"uv": [4.5, 2.75, 5.25, 3.5], "texture": "#0"},
				"down": {"uv": [6.75, 2.75, 7.5, 3.5], "texture": "#0"}
			}
		},
		{
			"from": [1.7369, 12, 9.25],
			"to": [4.7369, 13, 12.25],
			"rotation": {"x": 0, "y": -15, "z": 0, "origin": [3.2369, 12.5, 10.75]},
			"faces": {
				"north": {"uv": [5.5, 3.25, 6.25, 3.5], "texture": "#0"},
				"east": {"uv": [5.75, 3.5, 6.5, 3.25], "texture": "#0"},
				"south": {"uv": [5.5, 3.5, 6.25, 3.25], "texture": "#0"},
				"west": {"uv": [5.75, 3.25, 6.5, 3.5], "texture": "#0"},
				"up": {"uv": [4.5, 2.75, 5.25, 3.5], "texture": "#0"},
				"down": {"uv": [6.75, 2.75, 7.5, 3.5], "texture": "#0"}
			}
		},
		{
			"from": [1.7369, 12, 3.75],
			"to": [4.7369, 13, 6.75],
			"rotation": {"x": 0, "y": 15, "z": 0, "origin": [3.2369, 12.5, 5.25]},
			"faces": {
				"north": {"uv": [5.5, 3.25, 6.25, 3.5], "texture": "#0"},
				"east": {"uv": [5.75, 3.5, 6.5, 3.25], "texture": "#0"},
				"south": {"uv": [5.5, 3.5, 6.25, 3.25], "texture": "#0"},
				"west": {"uv": [5.75, 3.25, 6.5, 3.5], "texture": "#0"},
				"up": {"uv": [4.5, 2.75, 5.25, 3.5], "texture": "#0"},
				"down": {"uv": [6.75, 2.75, 7.5, 3.5], "texture": "#0"}
			}
		},
		{
			"from": [11.2631, 12, 9.25],
			"to": [14.2631, 13, 12.25],
			"rotation": {"x": 0, "y": 15, "z": 0, "origin": [12.7631, 12.5, 10.75]},
			"faces": {
				"north": {"uv": [5.5, 3.25, 6.25, 3.5], "texture": "#0"},
				"east": {"uv": [5.75, 3.5, 6.5, 3.25], "texture": "#0"},
				"south": {"uv": [5.5, 3.5, 6.25, 3.25], "texture": "#0"},
				"west": {"uv": [5.75, 3.25, 6.5, 3.5], "texture": "#0"},
				"up": {"uv": [4.5, 2.75, 5.25, 3.5], "texture": "#0"},
				"down": {"uv": [6.75, 2.75, 7.5, 3.5], "texture": "#0"}
			}
		},
		{
			"from": [11.2631, 12, 3.75],
			"to": [14.2631, 13, 6.75],
			"rotation": {"x": 0, "y": -15, "z": 0, "origin": [12.75, 12.5, 5.5]},
			"faces": {
				"north": {"uv": [5.5, 3.25, 6.25, 3.5], "texture": "#0"},
				"east": {"uv": [5.75, 3.5, 6.5, 3.25], "texture": "#0"},
				"south": {"uv": [5.5, 3.5, 6.25, 3.25], "texture": "#0"},
				"west": {"uv": [5.75, 3.25, 6.5, 3.5], "texture": "#0"},
				"up": {"uv": [4.5, 2.75, 5.25, 3.5], "texture": "#0"},
				"down": {"uv": [6.75, 2.75, 7.5, 3.5], "texture": "#0"}
			}
		},
		{
			"from": [1, 7, 1],
			"to": [11, 12, 5],
			"rotation": {"x": 0, "y": 0, "z": 0, "origin": [2, 7, 2]},
			"faces": {
				"north": {"uv": [2.75, 0, 0.25, 1.25], "texture": "#0"},
				"east": {"uv": [1.25, 0, 0.25, 1.25], "texture": "#0"},
				"south": {"uv": [0.25, 0, 2.75, 1.25], "texture": "#0"},
				"west": {"uv": [0.25, 0, 1.25, 1.25], "texture": "#0"},
				"up": {"uv": [7.75, 0, 10.25, 1], "texture": "#0"},
				"down": {"uv": [10.25, 0, 7.75, 1], "texture": "#0"}
			}
		},
		{
			"from": [1, 7, 13],
			"to": [11, 12, 17],
			"rotation": {"x": 0, "y": 90, "z": 0, "origin": [2, 7, 14]},
			"faces": {
				"north": {"uv": [2.75, 0, 0.25, 1.25], "texture": "#0"},
				"east": {"uv": [1.25, 0, 0.25, 1.25], "texture": "#0"},
				"south": {"uv": [0.25, 0, 2.75, 1.25], "texture": "#0"},
				"west": {"uv": [0.25, 0, 1.25, 1.25], "texture": "#0"},
				"up": {"uv": [7.75, 0, 10.25, 1], "texture": "#0"},
				"down": {"uv": [10.25, 0, 7.75, 1], "texture": "#0"}
			}
		},
		{
			"from": [13, 7, 13],
			"to": [23, 12, 17],
			"rotation": {"x": 0, "y": -180, "z": 0, "origin": [14, 7, 14]},
			"faces": {
				"north": {"uv": [2.75, 0, 0.25, 1.25], "texture": "#0"},
				"east": {"uv": [1.25, 0, 0.25, 1.25], "texture": "#0"},
				"south": {"uv": [0.25, 0, 2.75, 1.25], "texture": "#0"},
				"west": {"uv": [0.25, 0, 1.25, 1.25], "texture": "#0"},
				"up": {"uv": [7.75, 0, 10.25, 1], "texture": "#0"},
				"down": {"uv": [10.25, 0, 7.75, 1], "texture": "#0"}
			}
		},
		{
			"from": [13, 7, 1],
			"to": [23, 12, 5],
			"rotation": {"x": 0, "y": -90, "z": 0, "origin": [14, 7, 2]},
			"faces": {
				"north": {"uv": [2.75, 0, 0.25, 1.25], "texture": "#0"},
				"east": {"uv": [1.25, 0, 0.25, 1.25], "texture": "#0"},
				"south": {"uv": [0.25, 0, 2.75, 1.25], "texture": "#0"},
				"west": {"uv": [0.25, 0, 1.25, 1.25], "texture": "#0"},
				"up": {"uv": [7.75, 0, 10.25, 1], "texture": "#0"},
				"down": {"uv": [10.25, 0, 7.75, 1], "texture": "#0"}
			}
		}
	],
	"groups": [
		0,
		{
			"name": "bone9",
			"origin": [8, 0, 8],
			"color": 0,
			"children": [
				{
					"name": "bone4",
					"origin": [8, 16, 8],
					"color": 0,
					"children": [
						{
							"name": "bone3",
							"origin": [13.5, 16, 8],
							"color": 0,
							"children": []
						}
					]
				},
				{
					"name": "bone6",
					"origin": [8, 16, 8],
					"color": 0,
					"children": [
						{
							"name": "bone5",
							"origin": [13.5, 16, 8],
							"color": 0,
							"children": []
						}
					]
				},
				{
					"name": "bone8",
					"origin": [8, 16, 8],
					"color": 0,
					"children": [
						{
							"name": "bone7",
							"origin": [13.5, 16, 8],
							"color": 0,
							"children": []
						}
					]
				},
				{
					"name": "bone1",
					"origin": [8, 9.5, 8],
					"color": 0,
					"children": [
						{
							"name": "bone2",
							"origin": [13.5, 16, 8],
							"color": 0,
							"children": []
						}
					]
				}
			]
		},
		{
			"name": "bone17",
			"origin": [8, 22.5, 8],
			"color": 0,
			"children": [
				{
					"name": "bone16",
					"origin": [8, 22.5, 8],
					"color": 0,
					"children": []
				},
				{
					"name": "bone15",
					"origin": [8, 12.5, 1.5],
					"color": 0,
					"children": [
						1,
						2,
						3,
						4,
						5,
						6,
						{
							"name": "bone",
							"origin": [8, 6, 1.5],
							"color": 0,
							"children": []
						},
						{
							"name": "bone10",
							"origin": [8, 6, 1.5],
							"color": 0,
							"children": []
						},
						{
							"name": "bone11",
							"origin": [8, 6, 1.5],
							"color": 0,
							"children": []
						},
						{
							"name": "bone12",
							"origin": [8, 6, 1.5],
							"color": 0,
							"children": [
								7,
								8,
								9,
								10,
								11,
								12,
								{
									"name": "bone12",
									"origin": [8, 6, 1.5],
									"color": 0,
									"children": []
								}
							]
						},
						{
							"name": "bone13",
							"origin": [8, 6, 1.5],
							"color": 0,
							"children": []
						},
						{
							"name": "bone14",
							"origin": [8, 6, 1.5],
							"color": 0,
							"children": []
						}
					]
				}
			]
		},
		13,
		14,
		15,
		16,
		{
			"name": "bone19",
			"origin": [8, 31.375, 8],
			"color": 0,
			"children": [
				{
					"name": "bone20",
					"origin": [8, 33, 8],
					"color": 0,
					"children": [
						{
							"name": "bone21",
							"origin": [13.5, 33, 8],
							"color": 0,
							"children": []
						}
					]
				},
				{
					"name": "bone23",
					"origin": [8, 33, 8],
					"color": 0,
					"children": [
						{
							"name": "bone24",
							"origin": [13.5, 33, 8],
							"color": 0,
							"children": []
						}
					]
				},
				{
					"name": "bone25",
					"origin": [8, 33, 8],
					"color": 0,
					"children": [
						{
							"name": "bone26",
							"origin": [13.5, 33, 8],
							"color": 0,
							"children": []
						}
					]
				},
				{
					"name": "bone27",
					"origin": [8, 26.5, 8],
					"color": 0,
					"children": [
						{
							"name": "bone28",
							"origin": [13.5, 33, 8],
							"color": 0,
							"children": []
						}
					]
				}
			]
		},
		{
			"name": "bone30",
			"origin": [11, 32, 2],
			"color": 0,
			"children": []
		},
		{
			"name": "bone29",
			"origin": [2, 32, 2],
			"color": 0,
			"children": []
		},
		{
			"name": "bone22",
			"origin": [2, 31, 11],
			"color": 0,
			"children": []
		},
		{
			"name": "bone18",
			"origin": [11, 30, 11],
			"color": 0,
			"children": []
		},
		{
			"name": "bone31",
			"origin": [8, 12.5, 1.5],
			"color": 0,
			"children": [
				{
					"name": "bone32",
					"origin": [8, 6, 1.5],
					"color": 0,
					"children": []
				},
				{
					"name": "bone33",
					"origin": [8, 6, 1.5],
					"color": 0,
					"children": []
				},
				{
					"name": "bone34",
					"origin": [8, 6, 1.5],
					"color": 0,
					"children": []
				},
				{
					"name": "bone35",
					"origin": [8, 6, 1.5],
					"color": 0,
					"children": []
				},
				{
					"name": "bone36",
					"origin": [8, 6, 1.5],
					"color": 0,
					"children": []
				},
				{
					"name": "bone37",
					"origin": [8, 6, 1.5],
					"color": 0,
					"children": []
				}
			]
		}
	]
}