{
	"format_version": "1.9.0",
	"credit": "Made with Blockbench",
	"texture_size": [64, 64],
	"textures": {
		"0": "thaumicattempts:blocks/mirror_manager_parts",
		"particle": "thaumicattempts:blocks/rift_stone_block"
	},
	"elements": [
		{
			"from": [6.5, 5, 6.5],
			"to": [9.5, 8, 9.5],
			"rotation": {"angle": 0, "axis": "z", "origin": [8, 6.5, 8]},
			"faces": {
				"north": {"uv": [5.5, 2, 6.25, 2.75], "texture": "#0"},
				"east": {"uv": [5.25, 1, 6, 1.75], "texture": "#0"},
				"south": {"uv": [6, 1.75, 6.75, 2.5], "texture": "#0"},
				"west": {"uv": [5.75, 1.25, 6.5, 2], "texture": "#0"},
				"up": {"uv": [5.5, 1.25, 6.25, 2], "texture": "#0"},
				"down": {"uv": [5.5, 1.5, 6.25, 2.25], "texture": "#0"}
			}
		},
		{
			"from": [13, 1.5, 6.5],
			"to": [14, 4.5, 9.5],
			"rotation": {"angle": -45, "axis": "x", "origin": [13.5, 3, 8]},
			"faces": {
				"north": {"uv": [6.75, 3.25, 7.5, 3.5], "rotation": 270, "texture": "#0"},
				"east": {"uv": [6.75, 0.5, 7.5, 1.25], "texture": "#0"},
				"south": {"uv": [5.5, 3.25, 6.25, 3.5], "rotation": 90, "texture": "#0"},
				"west": {"uv": [4.5, 2.75, 5.25, 3.5], "rotation": 180, "texture": "#0"},
				"up": {"uv": [4.5, 2.75, 5.25, 3], "rotation": 90, "texture": "#0"},
				"down": {"uv": [5.75, 0.5, 6.5, 0.75], "rotation": 90, "texture": "#0"}
			}
		},
		{
			"from": [6.5, 10.5, 13],
			"to": [9.5, 13.5, 14],
			"rotation": {"angle": 45, "axis": "z", "origin": [8, 12, 13.5]},
			"faces": {
				"north": {"uv": [6.75, 0.5, 7.5, 1.25], "rotation": 180, "texture": "#0"},
				"east": {"uv": [6.75, 3.25, 7.5, 3.5], "rotation": 90, "texture": "#0"},
				"south": {"uv": [4.5, 2.75, 5.25, 3.5], "texture": "#0"},
				"west": {"uv": [5.5, 3.25, 6.25, 3.5], "rotation": 270, "texture": "#0"},
				"up": {"uv": [5.75, 0.5, 6.5, 0.75], "texture": "#0"},
				"down": {"uv": [4.5, 2.75, 5.25, 3], "rotation": 180, "texture": "#0"}
			}
		},
		{
			"from": [6.5, 10.5, 2],
			"to": [9.5, 13.5, 3],
			"rotation": {"angle": 45, "axis": "z", "origin": [8, 12, 2.5]},
			"faces": {
				"north": {"uv": [6.75, 0.5, 7.5, 1.25], "rotation": 180, "texture": "#0"},
				"east": {"uv": [6.75, 3.25, 7.5, 3.5], "rotation": 90, "texture": "#0"},
				"south": {"uv": [4.5, 2.75, 5.25, 3.5], "texture": "#0"},
				"west": {"uv": [5.5, 3.25, 6.25, 3.5], "rotation": 270, "texture": "#0"},
				"up": {"uv": [5.75, 0.5, 6.5, 0.75], "texture": "#0"},
				"down": {"uv": [4.5, 2.75, 5.25, 3], "rotation": 180, "texture": "#0"}
			}
		},
		{
			"from": [2, 10.5, 6.5],
			"to": [3, 13.5, 9.5],
			"rotation": {"angle": -45, "axis": "x", "origin": [2.5, 12, 8]},
			"faces": {
				"north": {"uv": [6.75, 3.25, 7.5, 3.5], "rotation": 270, "texture": "#0"},
				"east": {"uv": [6.75, 0.5, 7.5, 1.25], "texture": "#0"},
				"south": {"uv": [5.5, 3.25, 6.25, 3.5], "rotation": 90, "texture": "#0"},
				"west": {"uv": [4.5, 2.75, 5.25, 3.5], "rotation": 180, "texture": "#0"},
				"up": {"uv": [4.5, 2.75, 5.25, 3], "rotation": 90, "texture": "#0"},
				"down": {"uv": [5.75, 0.5, 6.5, 0.75], "rotation": 90, "texture": "#0"}
			}
		},
		{
			"from": [13, 10.5, 6.5],
			"to": [14, 13.5, 9.5],
			"rotation": {"angle": -45, "axis": "x", "origin": [13.5, 12, 8]},
			"faces": {
				"north": {"uv": [6.75, 3.25, 7.5, 3.5], "rotation": 270, "texture": "#0"},
				"east": {"uv": [6.75, 0.5, 7.5, 1.25], "texture": "#0"},
				"south": {"uv": [5.5, 3.25, 6.25, 3.5], "rotation": 90, "texture": "#0"},
				"west": {"uv": [4.5, 2.75, 5.25, 3.5], "rotation": 180, "texture": "#0"},
				"up": {"uv": [4.5, 2.75, 5.25, 3], "rotation": 90, "texture": "#0"},
				"down": {"uv": [5.75, 0.5, 6.5, 0.75], "rotation": 90, "texture": "#0"}
			}
		},
		{
			"from": [2, 1.5, 6.5],
			"to": [3, 4.5, 9.5],
			"rotation": {"angle": -45, "axis": "x", "origin": [2.5, 3, 8]},
			"faces": {
				"north": {"uv": [6.75, 3.25, 7.5, 3.5], "rotation": 270, "texture": "#0"},
				"east": {"uv": [6.75, 0.5, 7.5, 1.25], "texture": "#0"},
				"south": {"uv": [5.5, 3.25, 6.25, 3.5], "rotation": 90, "texture": "#0"},
				"west": {"uv": [4.5, 2.75, 5.25, 3.5], "rotation": 180, "texture": "#0"},
				"up": {"uv": [4.5, 2.75, 5.25, 3], "rotation": 90, "texture": "#0"},
				"down": {"uv": [5.75, 0.5, 6.5, 0.75], "rotation": 90, "texture": "#0"}
			}
		},
		{
			"from": [6.5, 1.5, 2],
			"to": [9.5, 4.5, 3],
			"rotation": {"angle": 45, "axis": "z", "origin": [8, 3, 2.5]},
			"faces": {
				"north": {"uv": [6.75, 0.5, 7.5, 1.25], "rotation": 180, "texture": "#0"},
				"east": {"uv": [6.75, 3.25, 7.5, 3.5], "rotation": 90, "texture": "#0"},
				"south": {"uv": [4.5, 2.75, 5.25, 3.5], "texture": "#0"},
				"west": {"uv": [5.5, 3.25, 6.25, 3.5], "rotation": 270, "texture": "#0"},
				"up": {"uv": [5.75, 0.5, 6.5, 0.75], "texture": "#0"},
				"down": {"uv": [4.5, 2.75, 5.25, 3], "rotation": 180, "texture": "#0"}
			}
		},
		{
			"from": [6.5, 1.5, 13],
			"to": [9.5, 4.5, 14],
			"rotation": {"angle": 45, "axis": "z", "origin": [8, 3, 13.5]},
			"faces": {
				"north": {"uv": [6.75, 0.5, 7.5, 1.25], "rotation": 180, "texture": "#0"},
				"east": {"uv": [6.75, 3.25, 7.5, 3.5], "rotation": 90, "texture": "#0"},
				"south": {"uv": [4.5, 2.75, 5.25, 3.5], "texture": "#0"},
				"west": {"uv": [5.5, 3.25, 6.25, 3.5], "rotation": 270, "texture": "#0"},
				"up": {"uv": [5.75, 0.5, 6.5, 0.75], "texture": "#0"},
				"down": {"uv": [4.5, 2.75, 5.25, 3], "rotation": 180, "texture": "#0"}
			}
		},
		{
			"from": [10, 3, 1],
			"to": [15, 13, 6],
			"rotation": {"angle": 0, "axis": "y", "origin": [10, 8, 3]},
			"faces": {
				"north": {"uv": [13.5, 0, 12.25, 2.5], "texture": "#0"},
				"east": {"uv": [11, 0, 12.25, 2.5], "texture": "#0"},
				"south": {"uv": [13.5, 0, 12.25, 2.5], "texture": "#0"},
				"west": {"uv": [12.25, 0, 11, 2.5], "texture": "#0"},
				"up": {"uv": [0.5, 3.5, 1.75, 4.75], "texture": "#0"},
				"down": {"uv": [0.5, 5.25, 1.75, 6.5], "texture": "#0"}
			}
		},
		{
			"from": [10, 2, 10],
			"to": [15, 11, 15],
			"rotation": {"angle": 0, "axis": "y", "origin": [10, 6, 10]},
			"faces": {
				"north": {"uv": [13.5, 2.5, 12.25, 4.75], "texture": "#0"},
				"east": {"uv": [12.25, 2.5, 13.5, 4.75], "texture": "#0"},
				"south": {"uv": [12.25, 2.5, 13.5, 4.75], "texture": "#0"},
				"west": {"uv": [11, 2.5, 12.25, 4.75], "texture": "#0"},
				"up": {"uv": [0.5, 3.5, 1.75, 4.75], "texture": "#0"},
				"down": {"uv": [0.5, 5.25, 1.75, 6.5], "texture": "#0"}
			}
		},
		{
			"from": [1, 1, 10],
			"to": [6, 14, 15],
			"rotation": {"angle": 0, "axis": "y", "origin": [3, 7, 10]},
			"faces": {
				"north": {"uv": [14.75, 0, 13.5, 3.25], "texture": "#0"},
				"east": {"uv": [14.75, 0, 16, 3.25], "texture": "#0"},
				"south": {"uv": [14.75, 0, 13.5, 3.25], "texture": "#0"},
				"west": {"uv": [14.75, 0, 16, 3.25], "texture": "#0"},
				"up": {"uv": [0.5, 3.5, 1.75, 4.75], "texture": "#0"},
				"down": {"uv": [0.5, 5.25, 1.75, 6.5], "texture": "#0"}
			}
		},
		{
			"from": [1, 2, 1],
			"to": [6, 13, 6],
			"rotation": {"angle": 0, "axis": "y", "origin": [3, 8, 3]},
			"faces": {
				"north": {"uv": [14.75, 3.25, 16, 6], "texture": "#0"},
				"east": {"uv": [16, 3.25, 14.75, 6], "texture": "#0"},
				"south": {"uv": [13.5, 3.25, 14.75, 6], "texture": "#0"},
				"west": {"uv": [14.75, 3.25, 13.5, 6], "texture": "#0"},
				"up": {"uv": [0.5, 3.5, 1.75, 4.75], "texture": "#0"},
				"down": {"uv": [0.5, 5.25, 1.75, 6.5], "texture": "#0"}
			}
		}
	]
}