{
	"format_version": "1.9.0",
	"credit": "Made with Blockbench",
	"textures": {
		"0": "thaumicattempts:blocks/requester_orb",
		"1": "thaumicattempts:blocks/requester_ring",
		"4": "thaumicattempts:blocks/eldritch_stone_3",
		"5": "thaumicattempts:blocks/eldritch_stone_1",
		"particle": "thaumicattempts:blocks/rift_stone_block"
	},
	"elements": [
		{
			"from": [6, 6.82843, 6],
			"to": [10, 10.82843, 10],
			"shade": false,
			"rotation": {"angle": 45, "axis": "x", "origin": [8, 8.82843, 8]},
			"faces": {
				"north": {"uv": [6, 6, 10, 10], "rotation": 180, "texture": "#0"},
				"east": {"uv": [6, 6, 10, 10], "rotation": 90, "texture": "#0"},
				"south": {"uv": [7, 4, 11, 8], "texture": "#0"},
				"west": {"uv": [5, 4, 9, 8], "rotation": 270, "texture": "#0"},
				"up": {"uv": [5, 8, 9, 12], "texture": "#0"},
				"down": {"uv": [7, 8, 11, 12], "rotation": 180, "texture": "#0"}
			}
		},
		{
			"from": [6.5, 3, 0.5],
			"to": [9.5, 4, 3.5],
			"rotation": {"angle": -45, "axis": "y", "origin": [8, 3.5, 2]},
			"faces": {
				"north": {"uv": [6, 1, 9, 2], "texture": "#1"},
				"east": {"uv": [6, 14, 9, 15], "texture": "#1"},
				"south": {"uv": [6, 2, 9, 3], "texture": "#1"},
				"west": {"uv": [7, 13, 10, 14], "texture": "#1"},
				"up": {"uv": [2, 2, 5, 5], "rotation": 90, "texture": "#1"},
				"down": {"uv": [11, 2, 14, 5], "rotation": 270, "texture": "#1"}
			}
		},
		{
			"from": [2, 3, 2],
			"to": [5, 4, 5],
			"rotation": {"angle": 0, "axis": "y", "origin": [9, 3.5, 9]},
			"faces": {
				"north": {"uv": [6, 1, 9, 2], "texture": "#1"},
				"east": {"uv": [6, 14, 9, 15], "texture": "#1"},
				"south": {"uv": [6, 2, 9, 3], "texture": "#1"},
				"west": {"uv": [7, 13, 10, 14], "texture": "#1"},
				"up": {"uv": [2, 2, 5, 5], "rotation": 90, "texture": "#1"},
				"down": {"uv": [11, 2, 14, 5], "rotation": 270, "texture": "#1"}
			}
		},
		{
			"from": [11, 3, 11],
			"to": [14, 4, 14],
			"rotation": {"angle": 0, "axis": "y", "origin": [18, 3.5, 18]},
			"faces": {
				"north": {"uv": [6, 1, 9, 2], "texture": "#1"},
				"east": {"uv": [6, 14, 9, 15], "texture": "#1"},
				"south": {"uv": [6, 2, 9, 3], "texture": "#1"},
				"west": {"uv": [7, 13, 10, 14], "texture": "#1"},
				"up": {"uv": [2, 2, 5, 5], "rotation": 90, "texture": "#1"},
				"down": {"uv": [11, 2, 14, 5], "rotation": 270, "texture": "#1"}
			}
		},
		{
			"from": [6.5, 3, 12.5],
			"to": [9.5, 4, 15.5],
			"rotation": {"angle": -45, "axis": "y", "origin": [8, 3.5, 14]},
			"faces": {
				"north": {"uv": [6, 1, 9, 2], "texture": "#1"},
				"east": {"uv": [6, 14, 9, 15], "texture": "#1"},
				"south": {"uv": [6, 2, 9, 3], "texture": "#1"},
				"west": {"uv": [7, 13, 10, 14], "texture": "#1"},
				"up": {"uv": [2, 2, 5, 5], "rotation": 90, "texture": "#1"},
				"down": {"uv": [11, 2, 14, 5], "rotation": 270, "texture": "#1"}
			}
		},
		{
			"from": [0.5, 3, 6.5],
			"to": [3.5, 4, 9.5],
			"rotation": {"angle": -45, "axis": "y", "origin": [2, 3.5, 8]},
			"faces": {
				"north": {"uv": [6, 1, 9, 2], "texture": "#1"},
				"east": {"uv": [6, 14, 9, 15], "texture": "#1"},
				"south": {"uv": [6, 2, 9, 3], "texture": "#1"},
				"west": {"uv": [7, 13, 10, 14], "texture": "#1"},
				"up": {"uv": [2, 2, 5, 5], "rotation": 90, "texture": "#1"},
				"down": {"uv": [11, 2, 14, 5], "rotation": 270, "texture": "#1"}
			}
		},
		{
			"from": [2, 3, 11],
			"to": [5, 4, 14],
			"rotation": {"angle": 0, "axis": "y", "origin": [9, 3.5, 18]},
			"faces": {
				"north": {"uv": [6, 1, 9, 2], "texture": "#1"},
				"east": {"uv": [6, 14, 9, 15], "texture": "#1"},
				"south": {"uv": [6, 2, 9, 3], "texture": "#1"},
				"west": {"uv": [7, 13, 10, 14], "texture": "#1"},
				"up": {"uv": [2, 2, 5, 5], "rotation": 90, "texture": "#1"},
				"down": {"uv": [11, 2, 14, 5], "rotation": 270, "texture": "#1"}
			}
		},
		{
			"from": [12.5, 3, 6.5],
			"to": [15.5, 4, 9.5],
			"rotation": {"angle": -45, "axis": "y", "origin": [14, 3.5, 8]},
			"faces": {
				"north": {"uv": [6, 1, 9, 2], "texture": "#1"},
				"east": {"uv": [6, 14, 9, 15], "texture": "#1"},
				"south": {"uv": [6, 2, 9, 3], "texture": "#1"},
				"west": {"uv": [7, 13, 10, 14], "texture": "#1"},
				"up": {"uv": [2, 2, 5, 5], "rotation": 90, "texture": "#1"},
				"down": {"uv": [11, 2, 14, 5], "rotation": 270, "texture": "#1"}
			}
		},
		{
			"from": [11, 3, 2],
			"to": [14, 4, 5],
			"rotation": {"angle": 0, "axis": "y", "origin": [18, 3.5, 9]},
			"faces": {
				"north": {"uv": [6, 1, 9, 2], "texture": "#1"},
				"east": {"uv": [6, 14, 9, 15], "texture": "#1"},
				"south": {"uv": [6, 2, 9, 3], "texture": "#1"},
				"west": {"uv": [7, 13, 10, 14], "texture": "#1"},
				"up": {"uv": [2, 2, 5, 5], "rotation": 90, "texture": "#1"},
				"down": {"uv": [11, 2, 14, 5], "rotation": 270, "texture": "#1"}
			}
		},
		{
			"from": [0, 0, 0],
			"to": [16, 3, 16],
			"faces": {
				"north": {"uv": [0, 0, 16, 3], "texture": "#4"},
				"east": {"uv": [0, 0, 16, 3], "texture": "#4"},
				"south": {"uv": [0, 0, 16, 3], "texture": "#4"},
				"west": {"uv": [0, 0, 16, 3], "texture": "#4"},
				"up": {"uv": [0, 0, 16, 16], "texture": "#4"},
				"down": {"uv": [0, 0, 16, 16], "texture": "#5"}
			}
		}
	]
}