{
	"format_version": "1.9.0",
	"credit": "Made with Blockbench",
	"texture_size": [64, 64],
	"textures": {
      "0": "thaumicattempts:blocks/mirror_manager",
      "particle": "thaumicattempts:blocks/mirror_manager"
	},
	"elements": [
		{
			"from": [6.5, 5, 6.5],
			"to": [9.5, 8, 9.5],
			"rotation": {"angle": 45, "axis": "x", "origin": [8, 6.5, 8]},
			"rotated": [45, 0, -35],
			"faces": {
				"north": {"uv": [5.5, 2, 6.25, 2.75], "texture": "#0"},
				"east": {"uv": [5.25, 1, 6, 1.75], "texture": "#0"},
				"south": {"uv": [6, 1.75, 6.75, 2.5], "texture": "#0"},
				"west": {"uv": [5.75, 1.25, 6.5, 2], "texture": "#0"},
				"up": {"uv": [5.5, 1.25, 6.25, 2], "texture": "#0"},
				"down": {"uv": [5.5, 1.5, 6.25, 2.25], "texture": "#0"}
			}
		},
		{
			"from": [6.5, 10.5, 0.5],
			"to": [9.5, 11.5, 3.5],
			"rotation": {"angle": 90, "axis": "x", "origin": [8, 11, 2]},
			"rotated": [90, 0, 45],
			"faces": {
				"north": {"uv": [4.5, 2.75, 5.25, 3], "texture": "#0"},
				"east": {"uv": [6.75, 3.25, 7.5, 3.5], "texture": "#0"},
				"south": {"uv": [5.75, 0.5, 6.5, 0.75], "texture": "#0"},
				"west": {"uv": [5.5, 3.25, 6.25, 3.5], "texture": "#0"},
				"up": {"uv": [6.75, 0.5, 7.5, 1.25], "texture": "#0"},
				"down": {"uv": [4.5, 2.75, 5.25, 3.5], "texture": "#0"}
			}
		},
		{
			"from": [1, 10.5, 6.5],
			"to": [4, 11.5, 9.5],
			"rotation": {"angle": 45, "axis": "y", "origin": [2.5, 11, 8]},
			"rotated": [0, 45, 90],
			"faces": {
				"north": {"uv": [4.5, 2.75, 5.25, 3], "texture": "#0"},
				"east": {"uv": [6.75, 3.25, 7.5, 3.5], "texture": "#0"},
				"south": {"uv": [5.75, 0.5, 6.5, 0.75], "texture": "#0"},
				"west": {"uv": [5.5, 3.25, 6.25, 3.5], "texture": "#0"},
				"up": {"uv": [6.75, 0.5, 7.5, 1.25], "texture": "#0"},
				"down": {"uv": [4.5, 2.75, 5.25, 3.5], "texture": "#0"}
			}
		},
		{
			"from": [6.5, 10.5, 11.5],
			"to": [9.5, 11.5, 14.5],
			"rotation": {"angle": 90, "axis": "x", "origin": [8, 11, 13]},
			"rotated": [90, 0, 45],
			"faces": {
				"north": {"uv": [4.5, 2.75, 5.25, 3], "texture": "#0"},
				"east": {"uv": [6.75, 3.25, 7.5, 3.5], "texture": "#0"},
				"south": {"uv": [5.75, 0.5, 6.5, 0.75], "texture": "#0"},
				"west": {"uv": [5.5, 3.25, 6.25, 3.5], "texture": "#0"},
				"up": {"uv": [6.75, 0.5, 7.5, 1.25], "texture": "#0"},
				"down": {"uv": [4.5, 2.75, 5.25, 3.5], "texture": "#0"}
			}
		},
		{
			"from": [6.5, 2.5, 11.5],
			"to": [9.5, 3.5, 14.5],
			"rotation": {"angle": 90, "axis": "x", "origin": [8, 3, 13]},
			"rotated": [90, 0, 45],
			"faces": {
				"north": {"uv": [4.5, 2.75, 5.25, 3], "texture": "#0"},
				"east": {"uv": [6.75, 3.25, 7.5, 3.5], "texture": "#0"},
				"south": {"uv": [5.75, 0.5, 6.5, 0.75], "texture": "#0"},
				"west": {"uv": [5.5, 3.25, 6.25, 3.5], "texture": "#0"},
				"up": {"uv": [6.75, 0.5, 7.5, 1.25], "texture": "#0"},
				"down": {"uv": [4.5, 2.75, 5.25, 3.5], "texture": "#0"}
			}
		},
		{
			"from": [1, 2.5, 6.5],
			"to": [4, 3.5, 9.5],
			"rotation": {"angle": 45, "axis": "y", "origin": [2.5, 3, 8]},
			"rotated": [0, 45, 90],
			"faces": {
				"north": {"uv": [4.5, 2.75, 5.25, 3], "texture": "#0"},
				"east": {"uv": [6.75, 3.25, 7.5, 3.5], "texture": "#0"},
				"south": {"uv": [5.75, 0.5, 6.5, 0.75], "texture": "#0"},
				"west": {"uv": [5.5, 3.25, 6.25, 3.5], "texture": "#0"},
				"up": {"uv": [6.75, 0.5, 7.5, 1.25], "texture": "#0"},
				"down": {"uv": [4.5, 2.75, 5.25, 3.5], "texture": "#0"}
			}
		},
		{
			"from": [6.5, 2.5, 0.5],
			"to": [9.5, 3.5, 3.5],
			"rotation": {"angle": 90, "axis": "x", "origin": [8, 3, 2]},
			"rotated": [90, 0, 45],
			"faces": {
				"north": {"uv": [4.5, 2.75, 5.25, 3], "texture": "#0"},
				"east": {"uv": [6.75, 3.25, 7.5, 3.5], "texture": "#0"},
				"south": {"uv": [5.75, 0.5, 6.5, 0.75], "texture": "#0"},
				"west": {"uv": [5.5, 3.25, 6.25, 3.5], "texture": "#0"},
				"up": {"uv": [6.75, 0.5, 7.5, 1.25], "texture": "#0"},
				"down": {"uv": [4.5, 2.75, 5.25, 3.5], "texture": "#0"}
			}
		},
		{
			"from": [12, 10.5, 6.5],
			"to": [15, 11.5, 9.5],
			"rotation": {"angle": 45, "axis": "y", "origin": [13.5, 11, 8]},
			"rotated": [0, 45, 90],
			"faces": {
				"north": {"uv": [4.5, 2.75, 5.25, 3], "texture": "#0"},
				"east": {"uv": [6.75, 3.25, 7.5, 3.5], "texture": "#0"},
				"south": {"uv": [5.75, 0.5, 6.5, 0.75], "texture": "#0"},
				"west": {"uv": [5.5, 3.25, 6.25, 3.5], "texture": "#0"},
				"up": {"uv": [6.75, 0.5, 7.5, 1.25], "texture": "#0"},
				"down": {"uv": [4.5, 2.75, 5.25, 3.5], "texture": "#0"}
			}
		},
		{
			"from": [12, 2.5, 6.5],
			"to": [15, 3.5, 9.5],
			"rotation": {"angle": 45, "axis": "y", "origin": [13.5, 3, 8]},
			"rotated": [0, 45, 90],
			"faces": {
				"north": {"uv": [4.5, 2.75, 5.25, 3], "texture": "#0"},
				"east": {"uv": [6.75, 3.25, 7.5, 3.5], "texture": "#0"},
				"south": {"uv": [5.75, 0.5, 6.5, 0.75], "texture": "#0"},
				"west": {"uv": [5.5, 3.25, 6.25, 3.5], "texture": "#0"},
				"up": {"uv": [6.75, 0.5, 7.5, 1.25], "texture": "#0"},
				"down": {"uv": [4.5, 2.75, 5.25, 3.5], "texture": "#0"}
			}
		},
		{
			"from": [10, 3, 1],
			"to": [15, 13, 6],
			"rotation": {"angle": 0, "axis": "y", "origin": [10, 8, 3]},
			"faces": {
				"north": {"uv": [13.5, 0, 12.25, 2.5], "texture": "#0"},
				"east": {"uv": [11, 0, 12.25, 2.5], "texture": "#0"},
				"south": {"uv": [13.5, 0, 12.25, 2.5], "texture": "#0"},
				"west": {"uv": [12.25, 0, 11, 2.5], "texture": "#0"},
				"up": {"uv": [0.5, 3.5, 1.75, 4.75], "texture": "#0"},
				"down": {"uv": [0.5, 5.25, 1.75, 6.5], "texture": "#0"}
			}
		},
		{
			"from": [1, 2, 1],
			"to": [6, 13, 6],
			"rotation": {"angle": 0, "axis": "y", "origin": [3, 8, 3]},
			"faces": {
				"north": {"uv": [14.75, 3.25, 16, 6], "texture": "#0"},
				"east": {"uv": [16, 3.25, 14.75, 6], "texture": "#0"},
				"south": {"uv": [13.5, 3.25, 14.75, 6], "texture": "#0"},
				"west": {"uv": [14.75, 3.25, 13.5, 6], "texture": "#0"},
				"up": {"uv": [0.5, 3.5, 1.75, 4.75], "texture": "#0"},
				"down": {"uv": [0.5, 5.25, 1.75, 6.5], "texture": "#0"}
			}
		},
		{
			"from": [1, 1, 10],
			"to": [6, 14, 15],
			"rotation": {"angle": 0, "axis": "y", "origin": [3, 7, 10]},
			"faces": {
				"north": {"uv": [14.75, 0, 13.5, 3.25], "texture": "#0"},
				"east": {"uv": [14.75, 0, 16, 3.25], "texture": "#0"},
				"south": {"uv": [14.75, 0, 13.5, 3.25], "texture": "#0"},
				"west": {"uv": [14.75, 0, 16, 3.25], "texture": "#0"},
				"up": {"uv": [0.5, 3.5, 1.75, 4.75], "texture": "#0"},
				"down": {"uv": [0.5, 5.25, 1.75, 6.5], "texture": "#0"}
			}
		},
		{
			"from": [10, 2, 10],
			"to": [15, 11, 15],
			"rotation": {"angle": 0, "axis": "y", "origin": [10, 6, 10]},
			"faces": {
				"north": {"uv": [12.25, 2.5, 11, 4.75], "texture": "#0"},
				"east": {"uv": [12.25, 2.5, 13.5, 4.75], "texture": "#0"},
				"south": {"uv": [12.25, 2.5, 13.5, 4.75], "texture": "#0"},
				"west": {"uv": [11, 2.5, 12.25, 4.75], "texture": "#0"},
				"up": {"uv": [0.5, 3.5, 1.75, 4.75], "texture": "#0"},
				"down": {"uv": [0.5, 5.25, 1.75, 6.5], "texture": "#0"}
			}
		}
	],
	"groups": [
		{
			"name": "bone9",
			"origin": [8, -12, 8],
			"color": 0,
			"children": [
				{
					"name": "bone4",
					"origin": [8, 4, 8],
					"color": 0,
					"children": [
						{
							"name": "bone3",
							"origin": [13.5, 4, 8],
							"color": 0,
							"children": []
						}
					]
				},
				{
					"name": "bone6",
					"origin": [8, 4, 8],
					"color": 0,
					"children": [
						{
							"name": "bone5",
							"origin": [13.5, 4, 8],
							"color": 0,
							"children": []
						}
					]
				},
				{
					"name": "bone8",
					"origin": [8, 4, 8],
					"color": 0,
					"children": [
						{
							"name": "bone7",
							"origin": [13.5, 4, 8],
							"color": 0,
							"children": []
						}
					]
				},
				{
					"name": "bone1",
					"origin": [8, -2.5, 8],
					"color": 0,
					"children": [
						{
							"name": "bone2",
							"origin": [13.5, 4, 8],
							"color": 0,
							"children": []
						}
					]
				}
			]
		},
		{
			"name": "bone17",
			"origin": [8, 20.5, 8],
			"color": 0,
			"children": [
				{
					"name": "bone16",
					"origin": [8, 20.5, 8],
					"color": 0,
					"children": [0]
				},
				{
					"name": "bone15",
					"origin": [8, 10.5, 1.5],
					"color": 0,
					"children": [
						{
							"name": "bone",
							"origin": [8, 4, 1.5],
							"color": 0,
							"children": []
						},
						{
							"name": "bone10",
							"origin": [8, 4, 1.5],
							"color": 0,
							"children": []
						},
						{
							"name": "bone11",
							"origin": [8, 4, 1.5],
							"color": 0,
							"children": []
						},
						{
							"name": "bone12",
							"origin": [8, 4, 1.5],
							"color": 0,
							"children": []
						},
						{
							"name": "bone13",
							"origin": [8, 4, 1.5],
							"color": 0,
							"children": []
						},
						{
							"name": "bone14",
							"origin": [8, 4, 1.5],
							"color": 0,
							"children": []
						}
					]
				}
			]
		},
		{
			"name": "bone19",
			"origin": [8, 12.375, 8],
			"color": 0,
			"children": [
				{
					"name": "bone20",
					"origin": [8, 14, 8],
					"color": 0,
					"children": [
						{
							"name": "bone21",
							"origin": [13.5, 14, 8],
							"color": 0,
							"children": [1]
						}
					]
				},
				{
					"name": "bone23",
					"origin": [8, 14, 8],
					"color": 0,
					"children": [
						{
							"name": "bone24",
							"origin": [13.5, 14, 8],
							"color": 0,
							"children": [2]
						}
					]
				},
				{
					"name": "bone25",
					"origin": [8, 14, 8],
					"color": 0,
					"children": [
						{
							"name": "bone26",
							"origin": [13.5, 14, 8],
							"color": 0,
							"children": [
								3,
								{
									"name": "bone26",
									"origin": [13.5, 14, 8],
									"color": 0,
									"children": [4]
								},
								{
									"name": "bone24",
									"origin": [13.5, 14, 8],
									"color": 0,
									"children": [5]
								},
								{
									"name": "bone21",
									"origin": [13.5, 14, 8],
									"color": 0,
									"children": [6]
								}
							]
						}
					]
				},
				{
					"name": "bone27",
					"origin": [8, 7.5, 8],
					"color": 0,
					"children": [
						{
							"name": "bone28",
							"origin": [13.5, 14, 8],
							"color": 0,
							"children": [7, 8]
						}
					]
				}
			]
		},
		{
			"name": "bone30",
			"origin": [11, 8, 2],
			"color": 0,
			"children": [9]
		},
		{
			"name": "bone29",
			"origin": [2, 8, 2],
			"color": 0,
			"children": [10]
		},
		{
			"name": "bone22",
			"origin": [2, 7, 11],
			"color": 0,
			"children": [11]
		},
		{
			"name": "bone18",
			"origin": [11, 6, 11],
			"color": 0,
			"children": [12]
		},
		{
			"name": "bone31",
			"origin": [8, 10.5, 1.5],
			"color": 0,
			"children": [
				{
					"name": "bone32",
					"origin": [8, 4, 1.5],
					"color": 0,
					"children": []
				},
				{
					"name": "bone33",
					"origin": [8, 4, 1.5],
					"color": 0,
					"children": []
				},
				{
					"name": "bone34",
					"origin": [8, 4, 1.5],
					"color": 0,
					"children": []
				},
				{
					"name": "bone35",
					"origin": [8, 4, 1.5],
					"color": 0,
					"children": []
				},
				{
					"name": "bone36",
					"origin": [8, 4, 1.5],
					"color": 0,
					"children": []
				},
				{
					"name": "bone37",
					"origin": [8, 4, 1.5],
					"color": 0,
					"children": []
				}
			]
		}
	]
}