{
	"format_version": "1.9.0",
	"credit": "Made with Blockbench",
	"texture_size": [64, 64],
	"textures": {
		"0": "thaumicattempts:blocks/mirror_manager_p",
		"particle": "thaumicattempts:blocks/mirror_manager_p"
	},
	"elements": [
		{
			"from": [0, 0, 0],
			"to": [16, 16, 16],
			"faces": {
				"north": {"uv": [0, 3, 4, 7], "texture": "#0"},
				"east": {"uv": [0, 3, 4, 7], "texture": "#0"},
				"south": {"uv": [0, 3.25, 4, 7.25], "texture": "#0"},
				"west": {"uv": [0, 3, 4, 7], "texture": "#0"},
				"up": {"uv": [0, 3, 4, 7], "texture": "#0"},
				"down": {"uv": [0, 3, 4, 7], "texture": "#0"}
			}
		}
	]
}