{
	"format_version": "1.9.0",
	"credit": "Made with Blockbench",
	"texture_size": [64, 64],
	"textures": {
		"0": "thaumicattempts:blocks/mirror_manager_p",
		"particle": "thaumicattempts:blocks/mirror_manager_p"
	},
	"elements": [
		{
			"from": [6.5, 6.5, 6.5],
			"to": [9.5, 9.5, 9.5],
			"rotation": {"angle": 0, "axis": "y", "origin": [6.5, 6.5, 6.5]},
			"faces": {
				"north": {"uv": [5.75, 1.5, 6.5, 2.25], "texture": "#0"},
				"east": {"uv": [5.5, 1.5, 6.25, 2.25], "texture": "#0"},
				"south": {"uv": [5.5, 1.25, 6.25, 2], "texture": "#0"},
				"west": {"uv": [5.75, 1.75, 6.5, 2.5], "texture": "#0"},
				"up": {"uv": [5.5, 1.5, 6.25, 2.25], "texture": "#0"},
				"down": {"uv": [5.75, 1.5, 6.5, 2.25], "texture": "#0"}
			}
		},
		{
			"from": [1, 0, 1],
			"to": [11, 5, 5],
			"rotation": {"angle": 0, "axis": "y", "origin": [1, 0, 1]},
			"faces": {
				"north": {"uv": [1.25, 0, 3.75, 1.25], "texture": "#0"},
				"east": {"uv": [0.25, 0, 1.25, 1.25], "texture": "#0"},
				"south": {"uv": [0.25, 0, 2.75, 1.25], "texture": "#0"},
				"west": {"uv": [0.25, 0, 1.25, 1.25], "texture": "#0"},
				"up": {"uv": [7.75, 0, 10.25, 1], "texture": "#0"},
				"down": {"uv": [7.75, 2.25, 10.25, 3.25], "texture": "#0"}
			}
		},
		{
			"from": [5, 0, 11],
			"to": [15, 5, 15],
			"rotation": {"angle": 0, "axis": "y", "origin": [10, 2.5, 13]},
			"faces": {
				"north": {"uv": [0.25, 0, 2.75, 1.25], "texture": "#0"},
				"east": {"uv": [0.25, 0, 1.25, 1.25], "texture": "#0"},
				"south": {"uv": [1.25, 0, 3.75, 1.25], "texture": "#0"},
				"west": {"uv": [0.25, 0, 1.25, 1.25], "texture": "#0"},
				"up": {"uv": [7.75, 0, 10.25, 1], "rotation": 180, "texture": "#0"},
				"down": {"uv": [7.75, 2.25, 10.25, 3.25], "rotation": 180, "texture": "#0"}
			}
		},
		{
			"from": [11, 0, 1],
			"to": [15, 5, 11],
			"rotation": {"angle": 0, "axis": "y", "origin": [13, 2.5, 6]},
			"faces": {
				"north": {"uv": [0.25, 0, 1.25, 1.25], "texture": "#0"},
				"east": {"uv": [1.25, 0, 3.75, 1.25], "texture": "#0"},
				"south": {"uv": [0.25, 0, 1.25, 1.25], "texture": "#0"},
				"west": {"uv": [0.25, 0, 2.75, 1.25], "texture": "#0"},
				"up": {"uv": [7.75, 0, 10.25, 1], "rotation": 90, "texture": "#0"},
				"down": {"uv": [7.75, 2.25, 10.25, 3.25], "rotation": 270, "texture": "#0"}
			}
		},
		{
			"from": [1, 0, 5],
			"to": [5, 5, 15],
			"rotation": {"angle": 0, "axis": "y", "origin": [3, 2.5, 10]},
			"faces": {
				"north": {"uv": [0.25, 0, 1.25, 1.25], "texture": "#0"},
				"east": {"uv": [0.25, 0, 2.75, 1.25], "texture": "#0"},
				"south": {"uv": [0.25, 0, 1.25, 1.25], "texture": "#0"},
				"west": {"uv": [1.25, 0, 3.75, 1.25], "texture": "#0"},
				"up": {"uv": [7.75, 0, 10.25, 1], "rotation": 270, "texture": "#0"},
				"down": {"uv": [7.75, 2.25, 10.25, 3.25], "rotation": 90, "texture": "#0"}
			}
		},
		{
			"from": [5, 11, 11],
			"to": [15, 16, 15],
			"rotation": {"angle": 0, "axis": "y", "origin": [10, 13.5, 13]},
			"faces": {
				"north": {"uv": [0.25, 0, 2.75, 1.25], "texture": "#0"},
				"east": {"uv": [0.25, 1.25, 1.25, 0], "texture": "#0"},
				"south": {"uv": [1.25, 1.25, 3.75, 0], "texture": "#0"},
				"west": {"uv": [0.25, 0, 1.25, 1.25], "texture": "#0"},
				"up": {"uv": [7.75, 0, 10.25, 1], "rotation": 180, "texture": "#0"},
				"down": {"uv": [7.75, 2.25, 10.25, 3.25], "rotation": 180, "texture": "#0"}
			}
		},
		{
			"from": [11, 11, 1],
			"to": [15, 16, 11],
			"rotation": {"angle": 0, "axis": "y", "origin": [13, 13.5, 6]},
			"faces": {
				"north": {"uv": [0.25, 1.25, 1.25, 0], "texture": "#0"},
				"east": {"uv": [1.25, 1.25, 3.75, 0], "texture": "#0"},
				"south": {"uv": [0.25, 0, 1.25, 1.25], "texture": "#0"},
				"west": {"uv": [0.25, 0, 2.75, 1.25], "texture": "#0"},
				"up": {"uv": [7.75, 0, 10.25, 1], "rotation": 90, "texture": "#0"},
				"down": {"uv": [7.75, 2.25, 10.25, 3.25], "rotation": 270, "texture": "#0"}
			}
		},
		{
			"from": [1, 11, 1],
			"to": [11, 16, 5],
			"rotation": {"angle": 0, "axis": "y", "origin": [1, 11, 1]},
			"faces": {
				"north": {"uv": [1.25, 1.25, 3.75, 0], "texture": "#0"},
				"east": {"uv": [0.25, 0, 1.25, 1.25], "texture": "#0"},
				"south": {"uv": [0.25, 0, 2.75, 1.25], "texture": "#0"},
				"west": {"uv": [0.25, 1.25, 1.25, 0], "texture": "#0"},
				"up": {"uv": [7.75, 0, 10.25, 1], "texture": "#0"},
				"down": {"uv": [7.75, 2.25, 10.25, 3.25], "texture": "#0"}
			}
		},
		{
			"from": [1, 11, 5],
			"to": [5, 16, 15],
			"rotation": {"angle": 0, "axis": "y", "origin": [3, 13.5, 10]},
			"faces": {
				"north": {"uv": [0.25, 0, 1.25, 1.25], "texture": "#0"},
				"east": {"uv": [0.25, 0, 2.75, 1.25], "texture": "#0"},
				"south": {"uv": [0.25, 1.25, 1.25, 0], "texture": "#0"},
				"west": {"uv": [1.25, 1.25, 3.75, 0], "texture": "#0"},
				"up": {"uv": [7.75, 0, 10.25, 1], "rotation": 270, "texture": "#0"},
				"down": {"uv": [7.75, 2.25, 10.25, 3.25], "rotation": 90, "texture": "#0"}
			}
		},
		{
			"from": [11.5, 5, 6.5],
			"to": [14.5, 6, 9.5],
			"rotation": {"angle": 45, "axis": "y", "origin": [13, 5.5, 8]},
			"faces": {
				"north": {"uv": [5.75, 3.5, 6.5, 3.25], "texture": "#0"},
				"east": {"uv": [5.125, 3.25, 5.875, 3.5], "texture": "#0"},
				"south": {"uv": [6, 3.25, 6.75, 3.5], "texture": "#0"},
				"west": {"uv": [5.75, 3.25, 6.5, 3.5], "texture": "#0"},
				"up": {"uv": [4.5, 0.5, 5.25, 1.25], "texture": "#0"},
				"down": {"uv": [6.75, 2.75, 7.5, 3.5], "texture": "#0"}
			}
		},
		{
			"from": [1.5, 5, 6.5],
			"to": [4.5, 6, 9.5],
			"rotation": {"angle": 45, "axis": "y", "origin": [3, 5.5, 8]},
			"faces": {
				"north": {"uv": [5.75, 3.5, 6.5, 3.25], "texture": "#0"},
				"east": {"uv": [5.125, 3.25, 5.875, 3.5], "texture": "#0"},
				"south": {"uv": [6, 3.25, 6.75, 3.5], "texture": "#0"},
				"west": {"uv": [5.75, 3.25, 6.5, 3.5], "texture": "#0"},
				"up": {"uv": [4.5, 0.5, 5.25, 1.25], "texture": "#0"},
				"down": {"uv": [6.75, 2.75, 7.5, 3.5], "texture": "#0"}
			}
		},
		{
			"from": [6.5, 10, 1.5],
			"to": [9.5, 11, 4.5],
			"rotation": {"angle": 45, "axis": "y", "origin": [8, 10.5, 3]},
			"faces": {
				"north": {"uv": [5.125, 3.25, 5.875, 3.5], "texture": "#0"},
				"east": {"uv": [6, 3.25, 6.75, 3.5], "texture": "#0"},
				"south": {"uv": [5.75, 3.25, 6.5, 3.5], "texture": "#0"},
				"west": {"uv": [5.75, 3.5, 6.5, 3.25], "texture": "#0"},
				"up": {"uv": [4.5, 0.5, 5.25, 1.25], "rotation": 270, "texture": "#0"},
				"down": {"uv": [6.75, 2.75, 7.5, 3.5], "rotation": 90, "texture": "#0"}
			}
		},
		{
			"from": [11.5, 10, 6.5],
			"to": [14.5, 11, 9.5],
			"rotation": {"angle": 45, "axis": "y", "origin": [13, 10.5, 8]},
			"faces": {
				"north": {"uv": [5.125, 3.25, 5.875, 3.5], "texture": "#0"},
				"east": {"uv": [6, 3.25, 6.75, 3.5], "texture": "#0"},
				"south": {"uv": [5.75, 3.25, 6.5, 3.5], "texture": "#0"},
				"west": {"uv": [5.75, 3.5, 6.5, 3.25], "texture": "#0"},
				"up": {"uv": [4.5, 0.5, 5.25, 1.25], "rotation": 270, "texture": "#0"},
				"down": {"uv": [6.75, 2.75, 7.5, 3.5], "rotation": 90, "texture": "#0"}
			}
		},
		{
			"from": [6.5, 10, 11.5],
			"to": [9.5, 11, 14.5],
			"rotation": {"angle": 45, "axis": "y", "origin": [8, 10.5, 13]},
			"faces": {
				"north": {"uv": [5.125, 3.25, 5.875, 3.5], "texture": "#0"},
				"east": {"uv": [6, 3.25, 6.75, 3.5], "texture": "#0"},
				"south": {"uv": [5.75, 3.25, 6.5, 3.5], "texture": "#0"},
				"west": {"uv": [5.75, 3.5, 6.5, 3.25], "texture": "#0"},
				"up": {"uv": [4.5, 0.5, 5.25, 1.25], "rotation": 270, "texture": "#0"},
				"down": {"uv": [6.75, 2.75, 7.5, 3.5], "rotation": 90, "texture": "#0"}
			}
		},
		{
			"from": [1.5, 10, 6.5],
			"to": [4.5, 11, 9.5],
			"rotation": {"angle": 45, "axis": "y", "origin": [3, 10.5, 8]},
			"faces": {
				"north": {"uv": [5.125, 3.25, 5.875, 3.5], "texture": "#0"},
				"east": {"uv": [6, 3.25, 6.75, 3.5], "texture": "#0"},
				"south": {"uv": [5.75, 3.25, 6.5, 3.5], "texture": "#0"},
				"west": {"uv": [5.75, 3.5, 6.5, 3.25], "texture": "#0"},
				"up": {"uv": [4.5, 0.5, 5.25, 1.25], "rotation": 270, "texture": "#0"},
				"down": {"uv": [6.75, 2.75, 7.5, 3.5], "rotation": 90, "texture": "#0"}
			}
		},
		{
			"from": [6.5, 5, 1.5],
			"to": [9.5, 6, 4.5],
			"rotation": {"angle": 45, "axis": "y", "origin": [8, 5.5, 3]},
			"faces": {
				"north": {"uv": [5.75, 3.5, 6.5, 3.25], "texture": "#0"},
				"east": {"uv": [5.125, 3.25, 5.875, 3.5], "texture": "#0"},
				"south": {"uv": [6, 3.25, 6.75, 3.5], "texture": "#0"},
				"west": {"uv": [5.75, 3.25, 6.5, 3.5], "texture": "#0"},
				"up": {"uv": [4.5, 0.5, 5.25, 1.25], "texture": "#0"},
				"down": {"uv": [6.75, 2.75, 7.5, 3.5], "texture": "#0"}
			}
		},
		{
			"from": [6.5, 5, 11.5],
			"to": [9.5, 6, 14.5],
			"rotation": {"angle": 45, "axis": "y", "origin": [8, 5.5, 13]},
			"faces": {
				"north": {"uv": [5.75, 3.5, 6.5, 3.25], "texture": "#0"},
				"east": {"uv": [5.125, 3.25, 5.875, 3.5], "texture": "#0"},
				"south": {"uv": [6, 3.25, 6.75, 3.5], "texture": "#0"},
				"west": {"uv": [5.75, 3.25, 6.5, 3.5], "texture": "#0"},
				"up": {"uv": [4.5, 0.5, 5.25, 1.25], "texture": "#0"},
				"down": {"uv": [6.75, 2.75, 7.5, 3.5], "texture": "#0"}
			}
		}
	]
}