{
	"format_version": "1.9.0",
	"credit": "Made with Blockbench",
	"parent": "block/block",
	"ambientocclusion": false,
	"textures": {
		"3": "thaumicattempts:blocks/research_table_front",
		"4": "thaumicattempts:blocks/research_table_side",
		"5": "thaumicattempts:blocks/research_table_top",
		"6": "thaumicattempts:blocks/plank_greatwood",
		"7": "thaumicattempts:blocks/banner_cultist",
		"particle": "thaumicattempts:blocks/research_table_front",
		"front": "thaumicattempts:blocks/lectern_front",
		"sides": "thaumicattempts:blocks/lectern_sides"
	},
	"elements": [
		{
			"from": [0, 0, 0],
			"to": [16, 2, 16],
			"shade": false,
			"rotation": {"angle": 0, "axis": "y", "origin": [8, 1, 8]},
			"faces": {
				"north": {"uv": [0, 1, 16, 3], "texture": "#4", "cullface": "west"},
				"east": {"uv": [0, 1, 16, 3], "texture": "#4", "cullface": "north"},
				"south": {"uv": [0, 1, 16, 3], "texture": "#4", "cullface": "east"},
				"west": {"uv": [0, 1, 16, 3], "texture": "#4", "cullface": "south"},
				"up": {"uv": [0, 0, 16, 16], "rotation": 270, "texture": "#6"},
				"down": {"uv": [0, 0, 16, 16], "rotation": 270, "texture": "#6", "cullface": "down"}
			}
		},
		{
			"from": [4, 2, 4],
			"to": [12, 15, 12],
			"shade": false,
			"faces": {
				"north": {"uv": [0, 0, 8, 13], "texture": "#front"},
				"east": {"uv": [2, 16, 15, 8], "rotation": 90, "texture": "#sides"},
				"south": {"uv": [8, 3, 16, 16], "texture": "#front"},
				"west": {"uv": [2, 8, 15, 16], "rotation": 90, "texture": "#sides"}
			}
		},
		{
			"from": [0.0125, 12, 3],
			"to": [15.9875, 16, 16],
			"shade": false,
			"rotation": {"angle": -22.5, "axis": "x", "origin": [8, 8, 8]},
			"faces": {
				"north": {"uv": [0, 1, 16, 5], "texture": "#4"},
				"east": {"uv": [2, 1, 15, 5], "texture": "#3"},
				"south": {"uv": [0, 1, 16, 5], "texture": "#4"},
				"west": {"uv": [1, 1, 14, 5], "texture": "#3"},
				"up": {"uv": [0, 0, 16, 16], "rotation": 180, "texture": "#5"},
				"down": {"uv": [0, 0, 16, 13], "texture": "#6"}
			}
		},
		{
			"from": [4, 13.5, 0],
			"to": [12, 13.5, 13.3],
			"shade": false,
			"rotation": {"angle": -22.5, "axis": "x", "origin": [7, 14, 0]},
			"faces": {
				"north": {"uv": [9, 11, 11, 12], "texture": "#7"},
				"east": {"uv": [8, 11, 10.3, 12], "texture": "#7"},
				"south": {"uv": [11, 11, 9, 13], "texture": "#7"},
				"west": {"uv": [8, 11, 10.3, 13], "texture": "#7"},
				"up": {"uv": [0, 13.3, 8, 0], "texture": "#7"},
				"down": {"uv": [0, 0, 8, 13.3], "texture": "#7"}
			}
		},
		{
			"from": [4, 4.6, 0.2],
			"to": [12, 13.6, 0.2],
			"shade": false,
			"rotation": {"angle": 0, "axis": "y", "origin": [4, 0, 0]},
			"faces": {
				"north": {"uv": [8, 9, 16, 0], "texture": "#7"},
				"east": {"uv": [8, 9, 10, 11], "texture": "#7"},
				"south": {"uv": [8, 9, 10, 11], "texture": "#7"},
				"west": {"uv": [8, 9, 10, 11], "texture": "#7"},
				"up": {"uv": [8, 9, 10, 11], "texture": "#7"},
				"down": {"uv": [8, 9, 10, 11], "texture": "#7"}
			}
		},
		{
			"from": [4, 14, 13.9],
			"to": [12, 19, 13.9],
			"shade": false,
			"rotation": {"angle": -22.5, "axis": "x", "origin": [8, 15, 14.2]},
			"faces": {
				"north": {"uv": [0, 9, 8, 14], "texture": "#7"},
				"east": {"uv": [0, 0, 0, 5], "texture": "#missing"},
				"south": {"uv": [0, 9, 8, 14], "texture": "#7"},
				"west": {"uv": [0, 0, 0, 5], "texture": "#missing"},
				"up": {"uv": [0, 0, 8, 0], "texture": "#missing"},
				"down": {"uv": [0, 0, 8, 0], "texture": "#missing"}
			}
		},
		{
			"from": [4, 5, 14.3],
			"to": [12, 14, 14.3],
			"shade": false,
			"rotation": {"angle": 0, "axis": "y", "origin": [4, 0, 15]},
			"faces": {
				"north": {"uv": [16, 9, 8, 0], "texture": "#7"},
				"east": {"uv": [0, 0, 0, 9], "texture": "#missing"},
				"south": {"uv": [16, 9, 8, 0], "texture": "#7"},
				"west": {"uv": [0, 0, 0, 9], "texture": "#missing"},
				"up": {"uv": [0, 0, 8, 0], "texture": "#missing"},
				"down": {"uv": [0, 0, 8, 0], "texture": "#missing"}
			}
		}
	],
	"display": {
		"firstperson_righthand": {
			"rotation": [0, 135, 0],
			"scale": [0.4, 0.4, 0.4]
		}
	}
}