{
  "parent": "block/block",
  "textures": {
    "particle": "thaumicattempts:blocks/provision",
    "all": "thaumicattempts:blocks/provision"
  },
  "elements": [
    {
      "from": [0, 0, 0],
      "to": [16, 11, 16],
      "faces": {
        "north": { "uv": [0, 5, 16, 16], "texture": "#all" },
        "east": { "uv": [0, 5, 16, 16], "texture": "#all" },
        "south": { "uv": [0, 5, 16, 16], "texture": "#all" },
        "west": { "uv": [0, 5, 16, 16], "texture": "#all" },
        "up": { "uv": [0, 0, 16, 16], "texture": "#all" },
        "down": { "uv": [0, 0, 16, 16], "texture": "#all" }
      }
    },
    {
      "from": [1, 11, 1],
      "to": [15, 13, 15],
      "faces": {
        "north": { "uv": [0, 0, 14, 2], "texture": "#all" },
        "east": { "uv": [0, 0, 14, 2], "texture": "#all" },
        "south": { "uv": [0, 0, 14, 2], "texture": "#all" },
        "west": { "uv": [0, 0, 14, 2], "texture": "#all" },
        "up": { "uv": [1, 1, 15, 15], "texture": "#all" },
        "down": { "uv": [1, 1, 15, 15], "texture": "#all" }
      }
    }
  ]
}