{
	"format_version": "1.9.0",
	"credit": "Made with Blockbench",
	"texture_size": [64, 64],
	"textures": {
		"0": "thaumicattempts:blocks/mirror_manager_parts",
		"particle": "thaumicattempts:blocks/rift_stone_block"
	},
	"elements": [
		{
			"from": [0, 0, 0],
			"to": [16, 7, 16],
			"rotation": {"angle": 0, "axis": "y", "origin": [8, 0, 8]},
			"faces": {
				"north": {"uv": [0, 1.25, 4, 3], "texture": "#0"},
				"east": {"uv": [4, 1.25, 0, 3], "texture": "#0"},
				"south": {"uv": [0, 1.25, 4, 3], "texture": "#0"},
				"west": {"uv": [4, 1.25, 0, 3], "texture": "#0"},
				"up": {"uv": [4, 7, 0, 3], "texture": "#0"},
				"down": {"uv": [4, 3, 0, 7], "texture": "#0"}
			}
		},
		{
			"from": [1, 7, 1],
			"to": [11, 12, 5],
			"rotation": {"angle": 0, "axis": "y", "origin": [2, 7, 2]},
			"faces": {
				"north": {"uv": [2.75, 0, 0.25, 1.25], "texture": "#0"},
				"east": {"uv": [1.25, 0, 0.25, 1.25], "texture": "#0"},
				"south": {"uv": [0.25, 0, 2.75, 1.25], "texture": "#0"},
				"west": {"uv": [0.25, 0, 1.25, 1.25], "texture": "#0"},
				"up": {"uv": [7.75, 0, 10.25, 1], "texture": "#0"},
				"down": {"uv": [10.25, 0, 7.75, 1], "texture": "#0"}
			}
		},
		{
			"from": [1, 7, 5],
			"to": [5, 12, 15],
			"rotation": {"angle": 0, "axis": "y", "origin": [3, 9.5, 10]},
			"faces": {
				"north": {"uv": [1.25, 0, 0.25, 1.25], "texture": "#0"},
				"east": {"uv": [0.25, 0, 2.75, 1.25], "texture": "#0"},
				"south": {"uv": [0.25, 0, 1.25, 1.25], "texture": "#0"},
				"west": {"uv": [2.75, 0, 0.25, 1.25], "texture": "#0"},
				"up": {"uv": [7.75, 0, 10.25, 1], "rotation": 270, "texture": "#0"},
				"down": {"uv": [10.25, 0, 7.75, 1], "rotation": 90, "texture": "#0"}
			}
		},
		{
			"from": [5, 7, 11],
			"to": [15, 12, 15],
			"rotation": {"angle": 0, "axis": "y", "origin": [10, 9.5, 13]},
			"faces": {
				"north": {"uv": [0.25, 0, 2.75, 1.25], "texture": "#0"},
				"east": {"uv": [0.25, 0, 1.25, 1.25], "texture": "#0"},
				"south": {"uv": [2.75, 0, 0.25, 1.25], "texture": "#0"},
				"west": {"uv": [1.25, 0, 0.25, 1.25], "texture": "#0"},
				"up": {"uv": [7.75, 0, 10.25, 1], "rotation": 180, "texture": "#0"},
				"down": {"uv": [10.25, 0, 7.75, 1], "rotation": 180, "texture": "#0"}
			}
		},
		{
			"from": [11, 7, 1],
			"to": [15, 12, 11],
			"rotation": {"angle": 0, "axis": "y", "origin": [14, 7, 2]},
			"faces": {
				"north": {"uv": [0.25, 0, 1.25, 1.25], "texture": "#0"},
				"east": {"uv": [2.75, 0, 0.25, 1.25], "texture": "#0"},
				"south": {"uv": [1.25, 0, 0.25, 1.25], "texture": "#missing"},
				"west": {"uv": [0.25, 0, 2.75, 1.25], "texture": "#0"},
				"up": {"uv": [7.75, 0, 10.25, 1], "rotation": 90, "texture": "#0"},
				"down": {"uv": [10.25, 0, 7.75, 1], "rotation": 270, "texture": "#0"}
			}
		},
		{
			"from": [6.5, 12, 1],
			"to": [9.5, 13, 4],
			"rotation": {"angle": 45, "axis": "y", "origin": [8, 12.5, 2.5]},
			"faces": {
				"north": {"uv": [5.5, 3.25, 6.25, 3.5], "texture": "#0"},
				"east": {"uv": [5.75, 3.5, 6.5, 3.25], "texture": "#0"},
				"south": {"uv": [5.5, 3.5, 6.25, 3.25], "texture": "#0"},
				"west": {"uv": [5.75, 3.25, 6.5, 3.5], "texture": "#0"},
				"up": {"uv": [4.5, 2.75, 5.25, 3.5], "texture": "#0"},
				"down": {"uv": [6.75, 2.75, 7.5, 3.5], "texture": "#0"}
			}
		},
		{
			"from": [6.5, 12, 12],
			"to": [9.5, 13, 15],
			"rotation": {"angle": 45, "axis": "y", "origin": [8, 12.5, 13.5]},
			"faces": {
				"north": {"uv": [5.5, 3.25, 6.25, 3.5], "texture": "#0"},
				"east": {"uv": [5.75, 3.5, 6.5, 3.25], "texture": "#0"},
				"south": {"uv": [5.5, 3.5, 6.25, 3.25], "texture": "#0"},
				"west": {"uv": [5.75, 3.25, 6.5, 3.5], "texture": "#0"},
				"up": {"uv": [4.5, 2.75, 5.25, 3.5], "texture": "#0"},
				"down": {"uv": [6.75, 2.75, 7.5, 3.5], "texture": "#0"}
			}
		},
		{
			"from": [1.7369, 12, 9.25],
			"to": [4.7369, 13, 12.25],
			"rotation": {"angle": -22.5, "axis": "y", "origin": [3.2369, 12.5, 10.75]},
			"faces": {
				"north": {"uv": [5.5, 3.25, 6.25, 3.5], "texture": "#0"},
				"east": {"uv": [5.75, 3.5, 6.5, 3.25], "texture": "#0"},
				"south": {"uv": [5.5, 3.5, 6.25, 3.25], "texture": "#0"},
				"west": {"uv": [5.75, 3.25, 6.5, 3.5], "texture": "#0"},
				"up": {"uv": [4.5, 2.75, 5.25, 3.5], "texture": "#0"},
				"down": {"uv": [6.75, 2.75, 7.5, 3.5], "texture": "#0"}
			}
		},
		{
			"from": [1.7369, 12, 3.75],
			"to": [4.7369, 13, 6.75],
			"rotation": {"angle": 22.5, "axis": "y", "origin": [3.2369, 12.5, 5.25]},
			"faces": {
				"north": {"uv": [5.5, 3.25, 6.25, 3.5], "texture": "#0"},
				"east": {"uv": [5.75, 3.5, 6.5, 3.25], "texture": "#0"},
				"south": {"uv": [5.5, 3.5, 6.25, 3.25], "texture": "#0"},
				"west": {"uv": [5.75, 3.25, 6.5, 3.5], "texture": "#0"},
				"up": {"uv": [4.5, 2.75, 5.25, 3.5], "texture": "#0"},
				"down": {"uv": [6.75, 2.75, 7.5, 3.5], "texture": "#0"}
			}
		},
		{
			"from": [11.2631, 12, 9.25],
			"to": [14.2631, 13, 12.25],
			"rotation": {"angle": 22.5, "axis": "y", "origin": [12.7631, 12.5, 10.75]},
			"faces": {
				"north": {"uv": [5.75, 3.25, 6.5, 3.5], "texture": "#0"},
				"east": {"uv": [5.5, 3.25, 6.25, 3.5], "texture": "#0"},
				"south": {"uv": [5.75, 3.5, 6.5, 3.25], "texture": "#0"},
				"west": {"uv": [5.5, 3.5, 6.25, 3.25], "texture": "#0"},
				"up": {"uv": [4.5, 2.75, 5.25, 3.5], "rotation": 90, "texture": "#0"},
				"down": {"uv": [6.75, 2.75, 7.5, 3.5], "rotation": 270, "texture": "#0"}
			}
		},
		{
			"from": [11.2631, 12, 3.75],
			"to": [14.2631, 13, 6.75],
			"rotation": {"angle": -22.5, "axis": "y", "origin": [12.7631, 12.5, 5.25]},
			"faces": {
				"north": {"uv": [5.75, 3.5, 6.5, 3.25], "texture": "#0"},
				"east": {"uv": [5.5, 3.5, 6.25, 3.25], "texture": "#0"},
				"south": {"uv": [5.75, 3.25, 6.5, 3.5], "texture": "#0"},
				"west": {"uv": [5.5, 3.25, 6.25, 3.5], "texture": "#0"},
				"up": {"uv": [4.5, 2.75, 5.25, 3.5], "rotation": 270, "texture": "#0"},
				"down": {"uv": [6.75, 2.75, 7.5, 3.5], "rotation": 90, "texture": "#0"}
			}
		},
		{
			"from": [6, 12.1, 12.5],
			"to": [10, 12.9, 13.5],
			"rotation": {"angle": 22.5, "axis": "y", "origin": [8, 12.5, 8]},
			"faces": {
				"north": {"uv": [5.25, 3.25, 6.25, 3.45], "texture": "#0"},
				"east": {"uv": [5, 3.25, 5.25, 3.45], "texture": "#0"},
				"south": {"uv": [5.25, 3.25, 6.25, 3.45], "texture": "#0"},
				"west": {"uv": [5, 1, 5.25, 1.2], "texture": "#0"},
				"up": {"uv": [4.75, 1.25, 5, 2.25], "rotation": 90, "texture": "#0"},
				"down": {"uv": [4.75, 1.5, 5, 2.5], "rotation": 270, "texture": "#0"}
			}
		},
		{
			"from": [6, 12.1, 12.5],
			"to": [10, 12.9, 13.5],
			"rotation": {"angle": -22.5, "axis": "y", "origin": [8, 12.5, 8]},
			"faces": {
				"north": {"uv": [5.25, 3.25, 6.25, 3.45], "texture": "#0"},
				"east": {"uv": [5, 3.25, 5.25, 3.45], "texture": "#0"},
				"south": {"uv": [5.25, 3.25, 6.25, 3.45], "texture": "#0"},
				"west": {"uv": [5, 1, 5.25, 1.2], "texture": "#0"},
				"up": {"uv": [4.75, 1.25, 5, 2.25], "rotation": 90, "texture": "#0"},
				"down": {"uv": [4.75, 1.5, 5, 2.5], "rotation": 270, "texture": "#0"}
			}
		},
		{
			"from": [6, 12.1, 2.5],
			"to": [10, 12.9, 3.5],
			"rotation": {"angle": -22.5, "axis": "y", "origin": [8, 12.5, 8]},
			"faces": {
				"north": {"uv": [5.25, 3.25, 6.25, 3.45], "texture": "#0"},
				"east": {"uv": [5, 1, 5.25, 1.2], "texture": "#0"},
				"south": {"uv": [5.25, 3.25, 6.25, 3.45], "texture": "#0"},
				"west": {"uv": [5, 3.25, 5.25, 3.45], "texture": "#0"},
				"up": {"uv": [4.75, 1.25, 5, 2.25], "rotation": 270, "texture": "#0"},
				"down": {"uv": [4.75, 1.5, 5, 2.5], "rotation": 90, "texture": "#0"}
			}
		},
		{
			"from": [6, 12.1, 2.5],
			"to": [10, 12.9, 3.5],
			"rotation": {"angle": 22.5, "axis": "y", "origin": [8, 12.5, 8]},
			"faces": {
				"north": {"uv": [5.25, 3.25, 6.25, 3.45], "texture": "#0"},
				"east": {"uv": [5, 1, 5.25, 1.2], "texture": "#0"},
				"south": {"uv": [5.25, 3.25, 6.25, 3.45], "texture": "#0"},
				"west": {"uv": [5, 3.25, 5.25, 3.45], "texture": "#0"},
				"up": {"uv": [4.75, 1.25, 5, 2.25], "rotation": 270, "texture": "#0"},
				"down": {"uv": [4.75, 1.5, 5, 2.5], "rotation": 90, "texture": "#0"}
			}
		},
		{
			"from": [2.5, 12.1, 6],
			"to": [3.5, 12.9, 10],
			"rotation": {"angle": 0, "axis": "y", "origin": [8, 12.5, 8]},
			"faces": {
				"north": {"uv": [5, 1, 5.25, 1.2], "texture": "#0"},
				"east": {"uv": [5.25, 3.25, 6.25, 3.45], "texture": "#0"},
				"south": {"uv": [5, 3.25, 5.25, 3.45], "texture": "#0"},
				"west": {"uv": [5.25, 3.25, 6.25, 3.45], "texture": "#0"},
				"up": {"uv": [4.75, 1.25, 5, 2.25], "rotation": 180, "texture": "#0"},
				"down": {"uv": [4.75, 1.5, 5, 2.5], "rotation": 180, "texture": "#0"}
			}
		},
		{
			"from": [12.5, 12.1, 6],
			"to": [13.5, 12.9, 10],
			"rotation": {"angle": 0, "axis": "y", "origin": [8, 12.5, 8]},
			"faces": {
				"north": {"uv": [5, 3.25, 5.25, 3.45], "texture": "#0"},
				"east": {"uv": [5.25, 3.25, 6.25, 3.45], "texture": "#0"},
				"south": {"uv": [5, 1, 5.25, 1.2], "texture": "#0"},
				"west": {"uv": [5.25, 3.25, 6.25, 3.45], "texture": "#0"},
				"up": {"uv": [4.75, 1.25, 5, 2.25], "texture": "#0"},
				"down": {"uv": [4.75, 1.5, 5, 2.5], "texture": "#0"}
			}
		}
	]
}