{
	"format_version": "1.9.0",
	"credit": "Made with Blockbench",
	"texture_size": [64, 64],
	"textures": {
		"0": "thaumicattempts:blocks/riftstone_b",
		"particle": "thaumicattempts:blocks/riftstone_b"
	},
	"elements": [
		{
			"from": [0, 0, 0],
			"to": [16, 16, 16],
			"faces": {
				"north": {"uv": [0, 7.25, 4, 11.25], "texture": "#0"},
				"east": {"uv": [0, 12, 4, 16], "texture": "#0"},
				"south": {"uv": [0, 12, 4, 16], "texture": "#0"},
				"west": {"uv": [0, 12, 4, 16], "texture": "#0"},
				"up": {"uv": [0, 12, 4, 16], "texture": "#0"},
				"down": {"uv": [0, 12, 4, 16], "texture": "#0"}
			}
		},
		{
			"from": [13, 4, -2],
			"to": [17, 8, 0],
			"rotation": {"angle": 45, "axis": "z", "origin": [14, 4, -6]},
			"faces": {
				"north": {"uv": [1.5, 0.5, 2.5, 1.5], "texture": "#0"},
				"east": {"uv": [1.5, 0.5, 1, 1.5], "texture": "#0"},
				"south": {"uv": [1.5, 0.5, 2.5, 1.5], "texture": "#0"},
				"west": {"uv": [2.5, 0.5, 3, 1.5], "texture": "#0"},
				"up": {"uv": [1.5, 0, 2.5, 0.5], "texture": "#0"},
				"down": {"uv": [1.5, 1.5, 2.5, 2], "texture": "#0"}
			}
		},
		{
			"from": [3, 9, -2],
			"to": [7, 13, 0],
			"rotation": {"angle": 45, "axis": "z", "origin": [4, 9, -6]},
			"faces": {
				"north": {"uv": [1.5, 0.5, 2.5, 1.5], "texture": "#0"},
				"east": {"uv": [3, 0.5, 2.5, 1.5], "texture": "#0"},
				"south": {"uv": [1.5, 0.5, 2.5, 1.5], "texture": "#0"},
				"west": {"uv": [1, 0.5, 1.5, 1.5], "texture": "#0"},
				"up": {"uv": [1.5, 0, 2.5, 0.5], "texture": "#0"},
				"down": {"uv": [1.5, 1.5, 2.5, 2], "texture": "#0"}
			}
		},
		{
			"from": [13, 10, -2],
			"to": [15, 17, 0],
			"rotation": {"angle": 45, "axis": "z", "origin": [13, 10, -6]},
			"faces": {
				"north": {"uv": [0.5, 0.5, 1, 2.25], "texture": "#0"},
				"east": {"uv": [0.5, 0.5, 0, 2.25], "texture": "#0"},
				"south": {"uv": [1.75, 1.25, 2.25, 3], "texture": "#0"},
				"west": {"uv": [0, 0.5, 0.5, 2.25], "texture": "#0"},
				"up": {"uv": [0, 2.25, 0.5, 2.75], "texture": "#0"},
				"down": {"uv": [0, 0, 0.5, 0.5], "texture": "#0"}
			}
		},
		{
			"from": [6, 2, -2],
			"to": [8, 5, 0],
			"rotation": {"angle": 45, "axis": "z", "origin": [6, -2, -6]},
			"faces": {
				"north": {"uv": [2, 2.75, 2.5, 3.5], "texture": "#0"},
				"east": {"uv": [2, 2.75, 1.5, 3.5], "texture": "#0"},
				"south": {"uv": [2.5, 6.5, 3, 7.25], "texture": "#0"},
				"west": {"uv": [2.5, 4, 3, 4.75], "texture": "#0"},
				"up": {"uv": [1.5, 2.25, 2, 2.75], "texture": "#0"},
				"down": {"uv": [2, 2.25, 2.5, 2.75], "texture": "#0"}
			}
		},
		{
			"from": [7, 4, -2],
			"to": [12, 10, 0],
			"rotation": {"angle": 45, "axis": "z", "origin": [10, 3, -6]},
			"faces": {
				"north": {"uv": [3, 2, 4.25, 3.5], "texture": "#0"},
				"east": {"uv": [3, 2, 2.5, 3.5], "texture": "#0"},
				"south": {"uv": [4.5, 4.5, 5.75, 6], "texture": "#0"},
				"west": {"uv": [4.25, 2, 4.75, 3.5], "texture": "#0"},
				"up": {"uv": [3, 3.5, 4.25, 4], "texture": "#0"},
				"down": {"uv": [3, 1.5, 4.25, 2], "texture": "#0"}
			}
		},
		{
			"from": [8, 1, -3],
			"to": [12, 13, 0],
			"rotation": {"angle": 45, "axis": "z", "origin": [8, 6, -6]},
			"faces": {
				"north": {"uv": [0, 3.5, 1, 6.5], "texture": "#0"},
				"east": {"uv": [1, 3.5, 1.75, 6.5], "texture": "#0"},
				"south": {"uv": [0, 3.5, 1, 6.5], "texture": "#0"},
				"west": {"uv": [1.75, 3.5, 2.5, 6.5], "texture": "#0"},
				"up": {"uv": [0, 6.5, 1, 7.25], "texture": "#0"},
				"down": {"uv": [0, 2.75, 1, 3.5], "texture": "#0"}
			}
		}
	]
}