{
  "parent": "block/block",
  "textures": {
    "particle": "thaumicattempts:blocks/rift_geod"
  },
  "elements": [
    {
      "from": [0, 0, 0],
      "to": [16, 16, 16],
      "faces": {
        "north": { "uv": [0, 0, 16, 16], "texture": "#particle" },
        "east": { "uv": [0, 0, 16, 16], "texture": "#particle" },
        "south": { "uv": [0, 0, 16, 16], "texture": "#particle" },
        "west": { "uv": [0, 0, 16, 16], "texture": "#particle" },
        "up": { "uv": [0, 0, 16, 16], "texture": "#particle" },
        "down": { "uv": [0, 0, 16, 16], "texture": "#particle" }
      }
    }
  ]
}