{
	"format_version": "1.9.0",
	"credit": "Made with Blockbench",
	"textures": {
		"4": "thaumicattempts:blocks/bed_dark_top",
		"5": "thaumicattempts:blocks/bed_dark_front",
		"particle": "thaumicattempts:blocks/bed_light_top"
	},
	"elements": [
		{
			"from": [0, 0, 0],
			"to": [16, 16, 16],
			"faces": {
				"north": {"uv": [0, 0, 16, 16], "texture": "#5"},
				"east": {"uv": [0, 0, 16, 16], "texture": "#5"},
				"south": {"uv": [0, 0, 16, 16], "texture": "#5"},
				"west": {"uv": [0, 0, 16, 16], "texture": "#5"},
				"up": {"uv": [0, 0, 16, 16], "texture": "#4"},
				"down": {"uv": [0, 0, 16, 16], "texture": "#4"}
			}
		}
	]
}